{
  "lastUpdated": "2025-10-20T07:04:48.997Z",
  "totalParticipants": 196,
  "batch": "Cloud Study Jams 2025",
  "program": "Google Cloud Skills Boost",
  "participants": [
    {
      "id": "participant-001",
      "profileId": "08b1ccd5-2a59-48af-a182-64b52039549a",
      "profileUrl": "https://www.cloudskillsboost.google/public_profiles/08b1ccd5-2a59-48af-a182-64b52039549a",
      "enrollmentDate": "2025-10-15T00:00:00.000Z",
      "status": "enrolled",
      "name": "Neha Rochwani",
      "batch": "Cloud Study Jams 2025",
      "email": "neharochwani25@gmail.com"
    },
    {
      "id": "participant-002",
      "profileId": "a0de40fa-6bae-4820-b61b-5f6624223e0f",
      "profileUrl": "https://www.cloudskillsboost.google/public_profiles/a0de40fa-6bae-4820-b61b-5f6624223e0f",
      "enrollmentDate": "2025-10-15T00:00:00.000Z",
      "status": "enrolled",
      "name": "Vishwas Singh",
      "batch": "Cloud Study Jams 2025",
      "email": "vishwas.poornima69@gmail.com"
    },
    {
      "id": "participant-003",
      "profileId": "7209c4af-4971-4292-8c8a-61cdd2b1f0ec",
      "profileUrl": "https://www.cloudskillsboost.google/public_profiles/7209c4af-4971-4292-8c8a-61cdd2b1f0ec",
      "enrollmentDate": "2025-10-15T00:00:00.000Z",
      "status": "enrolled",
      "name": "Vanshika Raghav",
      "batch": "Cloud Study Jams 2025",
      "email": "raghavvanshika294@gmail.com"
    },
    {
      "id": "participant-004",
      "profileId": "1ef5ba14-df4b-4a02-96f7-8bc5a2c30a10",
      "profileUrl": "https://www.cloudskillsboost.google/public_profiles/1ef5ba14-df4b-4a02-96f7-8bc5a2c30a10",
      "enrollmentDate": "2025-10-15T00:00:00.000Z",
      "status": "enrolled",
      "name": "Bhavyansh Gahlot",
      "batch": "Cloud Study Jams 2025",
      "email": "bhavyanshgahlot123@gmail.com"
    },
    {
      "id": "participant-005",
      "profileId": "c1d387a6-8683-4f23-9f41-fa57128a3173",
      "profileUrl": "https://www.cloudskillsboost.google/public_profiles/c1d387a6-8683-4f23-9f41-fa57128a3173",
      "enrollmentDate": "2025-10-15T00:00:00.000Z",
      "status": "enrolled",
      "name": "Rakshit Soni",
      "batch": "Cloud Study Jams 2025",
      "email": "rakshitsoni5104@gmail.com"
    },
    {
      "id": "participant-006",
      "profileId": "ff8123ed-5e0f-4f27-affd-7feb652920ab",
      "profileUrl": "https://www.cloudskillsboost.google/public_profiles/ff8123ed-5e0f-4f27-affd-7feb652920ab",
      "enrollmentDate": "2025-10-15T00:00:00.000Z",
      "status": "enrolled",
      "name": "Ayush S Nair",
      "batch": "Cloud Study Jams 2025",
      "email": "ayushnair119@gmail.com"
    },
    {
      "id": "participant-007",
      "profileId": "9334e94d-ca48-46c0-81ee-a778b5764f20",
      "profileUrl": "https://www.cloudskillsboost.google/public_profiles/9334e94d-ca48-46c0-81ee-a778b5764f20",
      "enrollmentDate": "2025-10-15T00:00:00.000Z",
      "status": "enrolled",
      "name": "jay kumawat",
      "batch": "Cloud Study Jams 2025",
      "email": "jaykumgen@gmail.com"
    },
    {
      "id": "participant-008",
      "profileId": "b5676e41-39d2-4d63-b28c-ade66b3ed4c7",
      "profileUrl": "https://www.cloudskillsboost.google/public_profiles/b5676e41-39d2-4d63-b28c-ade66b3ed4c7",
      "enrollmentDate": "2025-10-15T00:00:00.000Z",
      "status": "enrolled",
      "name": "Dikshant Sharma",
      "batch": "Cloud Study Jams 2025",
      "email": "dikshantsharma2026@gmail.com"
    },
    {
      "id": "participant-009",
      "profileId": "a1fd4b48-6455-42ad-a2b7-e9295e17a6fa",
      "profileUrl": "https://www.cloudskillsboost.google/public_profiles/a1fd4b48-6455-42ad-a2b7-e9295e17a6fa",
      "enrollmentDate": "2025-10-15T00:00:00.000Z",
      "status": "enrolled",
      "name": "Ayush Garg",
      "batch": "Cloud Study Jams 2025",
      "email": "ayushgdg17@gmail.com"
    },
    {
      "id": "participant-010",
      "profileId": "4a58ac44-c361-45ec-acaf-b529eebe0a37",
      "profileUrl": "https://www.cloudskillsboost.google/public_profiles/4a58ac44-c361-45ec-acaf-b529eebe0a37",
      "enrollmentDate": "2025-10-15T00:00:00.000Z",
      "status": "enrolled",
      "name": "Ankit Gurjar",
      "batch": "Cloud Study Jams 2025",
      "email": "ankitgurjargdg@gamil.com"
    },
    {
      "id": "participant-011",
      "profileId": "5b4855c0-0288-41c3-8bd1-f0d6961fd406",
      "profileUrl": "https://www.cloudskillsboost.google/public_profiles/5b4855c0-0288-41c3-8bd1-f0d6961fd406",
      "enrollmentDate": "2025-10-15T00:00:00.000Z",
      "status": "enrolled",
      "name": "Sarthak bansal",
      "batch": "Cloud Study Jams 2025",
      "email": "sarthakbansal663@gmail.com"
    },
    {
      "id": "participant-012",
      "profileId": "6861d806-a17d-49db-9d72-6d574de12080",
      "profileUrl": "https://www.cloudskillsboost.google/public_profiles/6861d806-a17d-49db-9d72-6d574de12080",
      "enrollmentDate": "2025-10-15T00:00:00.000Z",
      "status": "enrolled",
      "name": "mayank sharma",
      "batch": "Cloud Study Jams 2025",
      "email": "sharmamayank211205@gmail.com"
    },
    {
      "id": "participant-013",
      "profileId": "66558801-0e4d-48af-a607-5494d4b9eb40",
      "profileUrl": "https://www.cloudskillsboost.google/public_profiles/66558801-0e4d-48af-a607-5494d4b9eb40",
      "enrollmentDate": "2025-10-15T00:00:00.000Z",
      "status": "enrolled",
      "name": "Shailendra Yadav",
      "batch": "Cloud Study Jams 2025",
      "email": "shaile8640@gmail.com"
    },
    {
      "id": "participant-014",
      "profileId": "7a5c5270-2f36-4265-8dda-06907b24152e",
      "profileUrl": "https://www.cloudskillsboost.google/public_profiles/7a5c5270-2f36-4265-8dda-06907b24152e",
      "enrollmentDate": "2025-10-15T00:00:00.000Z",
      "status": "enrolled",
      "name": "Gaurav tiwari",
      "batch": "Cloud Study Jams 2025",
      "email": "gauravtiwari97203@gmail.com"
    },
    {
      "id": "participant-015",
      "profileId": "cc7af6d5-cf07-4af8-8ab5-f602513f36b9",
      "profileUrl": "https://www.cloudskillsboost.google/public_profiles/cc7af6d5-cf07-4af8-8ab5-f602513f36b9",
      "enrollmentDate": "2025-10-15T00:00:00.000Z",
      "status": "enrolled",
      "name": "Gitesh Mandawara",
      "batch": "Cloud Study Jams 2025",
      "email": "giteshmand07@gmail.com"
    },
    {
      "id": "participant-016",
      "profileId": "76525c15-90af-4199-b4a5-591280585e3e",
      "profileUrl": "https://www.cloudskillsboost.google/public_profiles/76525c15-90af-4199-b4a5-591280585e3e",
      "enrollmentDate": "2025-10-15T00:00:00.000Z",
      "status": "enrolled",
      "name": "Antariksh Shrivas",
      "batch": "Cloud Study Jams 2025",
      "email": "antarikshshrivas911@gmail.com"
    },
    {
      "id": "participant-017",
      "profileId": "8a770670-766c-4ef0-8d30-14fd808405aa",
      "profileUrl": "https://www.cloudskillsboost.google/public_profiles/8a770670-766c-4ef0-8d30-14fd808405aa",
      "enrollmentDate": "2025-10-15T00:00:00.000Z",
      "status": "enrolled",
      "name": "Dilip singh meena",
      "batch": "Cloud Study Jams 2025",
      "email": "dilipsinghg373@gmail.com"
    },
    {
      "id": "participant-018",
      "profileId": "bbd4404d-34ff-45a0-9fa9-afead2935e0f",
      "profileUrl": "https://www.cloudskillsboost.google/public_profiles/bbd4404d-34ff-45a0-9fa9-afead2935e0f",
      "enrollmentDate": "2025-10-15T00:00:00.000Z",
      "status": "enrolled",
      "name": "Drona Sanadhya",
      "batch": "Cloud Study Jams 2025",
      "email": "dronasanadhya@gmail.com"
    },
    {
      "id": "participant-019",
      "profileId": "f0f74541-9ca3-4c82-854b-47a1ce35a141",
      "profileUrl": "https://www.cloudskillsboost.google/public_profiles/f0f74541-9ca3-4c82-854b-47a1ce35a141",
      "enrollmentDate": "2025-10-15T00:00:00.000Z",
      "status": "enrolled",
      "name": "Anubhav Joshi",
      "batch": "Cloud Study Jams 2025",
      "email": "anubhavjoshi.gcloud2025@gmail.com"
    },
    {
      "id": "participant-020",
      "profileId": "d60973ac-afa4-48df-8f37-d1a1f6d4b97e",
      "profileUrl": "https://www.cloudskillsboost.google/public_profiles/d60973ac-afa4-48df-8f37-d1a1f6d4b97e",
      "enrollmentDate": "2025-10-15T00:00:00.000Z",
      "status": "enrolled",
      "name": "Sahil",
      "batch": "Cloud Study Jams 2025",
      "email": "s40324659@gmail.com"
    },
    {
      "id": "participant-021",
      "profileId": "767f7e00-3758-49f2-85a9-181601a3771e",
      "profileUrl": "https://www.cloudskillsboost.google/public_profiles/767f7e00-3758-49f2-85a9-181601a3771e",
      "enrollmentDate": "2025-10-15T00:00:00.000Z",
      "status": "enrolled",
      "name": "Vikram Garg",
      "batch": "Cloud Study Jams 2025",
      "email": "vickypb60@gmail.com"
    },
    {
      "id": "participant-022",
      "profileId": "e5a52121-84b3-4cb0-abcf-cfcf55ff6d7e",
      "profileUrl": "https://www.cloudskillsboost.google/public_profiles/e5a52121-84b3-4cb0-abcf-cfcf55ff6d7e",
      "enrollmentDate": "2025-10-15T00:00:00.000Z",
      "status": "enrolled",
      "name": "Kartika Mohil",
      "batch": "Cloud Study Jams 2025",
      "email": "kartikamohil2712007@gmail.com"
    },
    {
      "id": "participant-023",
      "profileId": "3c20af29-1867-44e9-b079-35fbaf866efb",
      "profileUrl": "https://www.cloudskillsboost.google/public_profiles/3c20af29-1867-44e9-b079-35fbaf866efb",
      "enrollmentDate": "2025-10-15T00:00:00.000Z",
      "status": "enrolled",
      "name": "Yash Jain",
      "batch": "Cloud Study Jams 2025",
      "email": "cloudyash05@gmail.com"
    },
    {
      "id": "participant-024",
      "profileId": "54c4db6c-3edb-405d-ac8b-38ab99b41d8f",
      "profileUrl": "https://www.cloudskillsboost.google/public_profiles/54c4db6c-3edb-405d-ac8b-38ab99b41d8f",
      "enrollmentDate": "2025-10-15T00:00:00.000Z",
      "status": "enrolled",
      "name": "Dibyandu mandal",
      "batch": "Cloud Study Jams 2025",
      "email": "dm9952759@gmail.com"
    },
    {
      "id": "participant-025",
      "profileId": "d455e87c-df36-4a4d-888c-901aea4852d8",
      "profileUrl": "https://www.cloudskillsboost.google/public_profiles/d455e87c-df36-4a4d-888c-901aea4852d8",
      "enrollmentDate": "2025-10-15T00:00:00.000Z",
      "status": "enrolled",
      "name": "Swati Jain",
      "batch": "Cloud Study Jams 2025",
      "email": "swatijainsj0308@gmail.com"
    },
    {
      "id": "participant-026",
      "profileId": "6db487d3-4b1e-441e-bfa0-98bfa379c6d6",
      "profileUrl": "https://www.cloudskillsboost.google/public_profiles/6db487d3-4b1e-441e-bfa0-98bfa379c6d6",
      "enrollmentDate": "2025-10-15T00:00:00.000Z",
      "status": "enrolled",
      "name": "Bhvya Choudhary",
      "batch": "Cloud Study Jams 2025",
      "email": "bhvya702@gmail.com"
    },
    {
      "id": "participant-027",
      "profileId": "510be64c-f30b-4ab3-a99d-145bdde9b85d",
      "profileUrl": "https://www.cloudskillsboost.google/public_profiles/510be64c-f30b-4ab3-a99d-145bdde9b85d",
      "enrollmentDate": "2025-10-15T00:00:00.000Z",
      "status": "enrolled",
      "name": "BHAVESH KUMAWAT",
      "batch": "Cloud Study Jams 2025",
      "email": "bhavesh.kumawat9017@gmail.com"
    },
    {
      "id": "participant-028",
      "profileId": "4d8b7bd6-2847-45aa-be4e-02eea01f4672",
      "profileUrl": "https://www.cloudskillsboost.google/public_profiles/4d8b7bd6-2847-45aa-be4e-02eea01f4672",
      "enrollmentDate": "2025-10-15T00:00:00.000Z",
      "status": "enrolled",
      "name": "Harshal Mathur",
      "batch": "Cloud Study Jams 2025",
      "email": "harshal.ai2006@gmail.com"
    },
    {
      "id": "participant-029",
      "profileId": "5e192f3b-f3b4-4cc1-9f9a-69add98bd997",
      "profileUrl": "https://www.cloudskillsboost.google/public_profiles/5e192f3b-f3b4-4cc1-9f9a-69add98bd997",
      "enrollmentDate": "2025-10-15T00:00:00.000Z",
      "status": "enrolled",
      "name": "Garvit Manwani",
      "batch": "Cloud Study Jams 2025",
      "email": "manwanigarvit69@gmail.com"
    },
    {
      "id": "participant-030",
      "profileId": "1fd95c1b-15cb-4bc7-bfb9-1c03df0b8866",
      "profileUrl": "https://www.cloudskillsboost.google/public_profiles/1fd95c1b-15cb-4bc7-bfb9-1c03df0b8866",
      "enrollmentDate": "2025-10-15T00:00:00.000Z",
      "status": "enrolled",
      "name": "Naveen Singh Rajput",
      "batch": "Cloud Study Jams 2025",
      "email": "naveensingh2730@gmail.com"
    },
    {
      "id": "participant-031",
      "profileId": "833fa4d0-238b-46c6-8682-f01f9ea0da36",
      "profileUrl": "https://www.cloudskillsboost.google/public_profiles/833fa4d0-238b-46c6-8682-f01f9ea0da36",
      "enrollmentDate": "2025-10-15T00:00:00.000Z",
      "status": "enrolled",
      "name": "Himanshu Prajapat",
      "batch": "Cloud Study Jams 2025",
      "email": "himanshuprajapat544@gmail.com"
    },
    {
      "id": "participant-032",
      "profileId": "f12a56e4-9a7e-4dcb-b5c9-9d96b28bef5d",
      "profileUrl": "https://www.cloudskillsboost.google/public_profiles/f12a56e4-9a7e-4dcb-b5c9-9d96b28bef5d",
      "enrollmentDate": "2025-10-15T00:00:00.000Z",
      "status": "enrolled",
      "name": "Divyansh Singh Shekhawat",
      "batch": "Cloud Study Jams 2025",
      "email": "divyanshsinghshekhawat127@gmail.com"
    },
    {
      "id": "participant-033",
      "profileId": "d6a14020-1f97-4d3b-a039-81a5e7c4170a",
      "profileUrl": "https://www.cloudskillsboost.google/public_profiles/d6a14020-1f97-4d3b-a039-81a5e7c4170a",
      "enrollmentDate": "2025-10-15T00:00:00.000Z",
      "status": "enrolled",
      "name": "Mayank Pareek",
      "batch": "Cloud Study Jams 2025",
      "email": "pareekmayank0009@gmail.com"
    },
    {
      "id": "participant-034",
      "profileId": "bcae3f7a-973d-4265-81b7-5895050bd5dc",
      "profileUrl": "https://www.cloudskillsboost.google/public_profiles/bcae3f7a-973d-4265-81b7-5895050bd5dc",
      "enrollmentDate": "2025-10-15T00:00:00.000Z",
      "status": "enrolled",
      "name": "Kushagra Tailang",
      "batch": "Cloud Study Jams 2025",
      "email": "kushagratailang3@gmail.com"
    },
    {
      "id": "participant-035",
      "profileId": "7154f0d2-b2f6-4e9e-b434-d857db608bfa",
      "profileUrl": "https://www.cloudskillsboost.google/public_profiles/7154f0d2-b2f6-4e9e-b434-d857db608bfa",
      "enrollmentDate": "2025-10-15T00:00:00.000Z",
      "status": "enrolled",
      "name": "Chinmay Sharma",
      "batch": "Cloud Study Jams 2025",
      "email": "chinamysharma08@gmail.com"
    },
    {
      "id": "participant-036",
      "profileId": "e9e31d04-8c22-49cd-91b4-0c978782b1c5",
      "profileUrl": "https://www.cloudskillsboost.google/public_profiles/e9e31d04-8c22-49cd-91b4-0c978782b1c5",
      "enrollmentDate": "2025-10-15T00:00:00.000Z",
      "status": "enrolled",
      "name": "Yogita kumawat",
      "batch": "Cloud Study Jams 2025",
      "email": "yogitakumawat466@gmail.com"
    },
    {
      "id": "participant-037",
      "profileId": "be0e6c4b-67dd-489f-bae8-ab8e2638babb",
      "profileUrl": "https://www.cloudskillsboost.google/public_profiles/be0e6c4b-67dd-489f-bae8-ab8e2638babb",
      "enrollmentDate": "2025-10-15T00:00:00.000Z",
      "status": "enrolled",
      "name": "AYUSH",
      "batch": "Cloud Study Jams 2025",
      "email": "heyyyjilowaaa7@gmail.com"
    },
    {
      "id": "participant-038",
      "profileId": "729fdfe5-e649-44b3-a471-b09d632c8cc8",
      "profileUrl": "https://www.cloudskillsboost.google/public_profiles/729fdfe5-e649-44b3-a471-b09d632c8cc8",
      "enrollmentDate": "2025-10-15T00:00:00.000Z",
      "status": "enrolled",
      "name": "Kundan Suthar",
      "batch": "Cloud Study Jams 2025",
      "email": "kundansuthar2678@gmail.com"
    },
    {
      "id": "participant-039",
      "profileId": "2c1022c1-db80-4acc-b2a0-852bd846096d",
      "profileUrl": "https://www.cloudskillsboost.google/public_profiles/2c1022c1-db80-4acc-b2a0-852bd846096d",
      "enrollmentDate": "2025-10-15T00:00:00.000Z",
      "status": "enrolled",
      "name": "Garima Bhatt",
      "batch": "Cloud Study Jams 2025",
      "email": "garimab136@gmail.com"
    },
    {
      "id": "participant-040",
      "profileId": "49d43913-846f-4493-9188-37dd895a45bc",
      "profileUrl": "https://www.cloudskillsboost.google/public_profiles/49d43913-846f-4493-9188-37dd895a45bc",
      "enrollmentDate": "2025-10-15T00:00:00.000Z",
      "status": "enrolled",
      "name": "Himanshu Jangid",
      "batch": "Cloud Study Jams 2025",
      "email": "himanshujangid201@gmail.com"
    },
    {
      "id": "participant-041",
      "profileId": "57600ec9-7dcc-4f88-8e32-b7712adfded0",
      "profileUrl": "https://www.cloudskillsboost.google/public_profiles/57600ec9-7dcc-4f88-8e32-b7712adfded0",
      "enrollmentDate": "2025-10-15T00:00:00.000Z",
      "status": "enrolled",
      "name": "Debraj das",
      "batch": "Cloud Study Jams 2025",
      "email": "debrajdas.dgr@gmail.com"
    },
    {
      "id": "participant-042",
      "profileId": "9628de79-1f36-4fec-a9a8-b220559d54ef",
      "profileUrl": "https://www.cloudskillsboost.google/public_profiles/9628de79-1f36-4fec-a9a8-b220559d54ef",
      "enrollmentDate": "2025-10-15T00:00:00.000Z",
      "status": "enrolled",
      "name": "Bhanu pratap singh chouhan",
      "batch": "Cloud Study Jams 2025",
      "email": "bhanupratap742486@gmail.com"
    },
    {
      "id": "participant-043",
      "profileId": "fbf7b8ad-07ff-4bcc-8089-a3dcca13576f",
      "profileUrl": "https://www.cloudskillsboost.google/public_profiles/fbf7b8ad-07ff-4bcc-8089-a3dcca13576f",
      "enrollmentDate": "2025-10-15T00:00:00.000Z",
      "status": "enrolled",
      "name": "Devika Kanoongo",
      "batch": "Cloud Study Jams 2025",
      "email": "kanoongodevika21617@gmail.com"
    },
    {
      "id": "participant-044",
      "profileId": "1ba3e049-1633-4431-bd58-1803ffe97361",
      "profileUrl": "https://www.cloudskillsboost.google/public_profiles/1ba3e049-1633-4431-bd58-1803ffe97361",
      "enrollmentDate": "2025-10-15T00:00:00.000Z",
      "status": "enrolled",
      "name": "Hemant Kumar",
      "batch": "Cloud Study Jams 2025",
      "email": "hemantkyy@gmail.com"
    },
    {
      "id": "participant-045",
      "profileId": "aa978e3a-aab4-42b6-a931-0fe5a3fc687e",
      "profileUrl": "https://www.cloudskillsboost.google/public_profiles/aa978e3a-aab4-42b6-a931-0fe5a3fc687e",
      "enrollmentDate": "2025-10-15T00:00:00.000Z",
      "status": "enrolled",
      "name": "Brijesh",
      "batch": "Cloud Study Jams 2025",
      "email": "brijesh24052023@gmail.com"
    },
    {
      "id": "participant-046",
      "profileId": "39be8e99-72b0-4869-8b5a-46a0cc0487b2",
      "profileUrl": "https://www.cloudskillsboost.google/public_profiles/39be8e99-72b0-4869-8b5a-46a0cc0487b2",
      "enrollmentDate": "2025-10-15T00:00:00.000Z",
      "status": "enrolled",
      "name": "Kanchita Mahala",
      "batch": "Cloud Study Jams 2025",
      "email": "kanchitachoudhary@gmail.com"
    },
    {
      "id": "participant-047",
      "profileId": "ae7f6b21-80f2-486c-879d-f85dde60dcef",
      "profileUrl": "https://www.cloudskillsboost.google/public_profiles/ae7f6b21-80f2-486c-879d-f85dde60dcef",
      "enrollmentDate": "2025-10-15T00:00:00.000Z",
      "status": "enrolled",
      "name": "Manan Jain",
      "batch": "Cloud Study Jams 2025",
      "email": "jainmanan5645@gmail.com"
    },
    {
      "id": "participant-048",
      "profileId": "f0ad3328-bece-4cc1-859c-258fd73e4a32",
      "profileUrl": "https://www.cloudskillsboost.google/public_profiles/f0ad3328-bece-4cc1-859c-258fd73e4a32",
      "enrollmentDate": "2025-10-15T00:00:00.000Z",
      "status": "enrolled",
      "name": "Narendra Kumar Swami",
      "batch": "Cloud Study Jams 2025",
      "email": "kanuswami98@gmail.com"
    },
    {
      "id": "participant-049",
      "profileId": "4093b993-b044-4566-a0bf-4a4894443164",
      "profileUrl": "https://www.cloudskillsboost.google/public_profiles/4093b993-b044-4566-a0bf-4a4894443164",
      "enrollmentDate": "2025-10-15T00:00:00.000Z",
      "status": "enrolled",
      "name": "Hardik Gehlot",
      "batch": "Cloud Study Jams 2025",
      "email": "hardikgehlot827@gmail.com"
    },
    {
      "id": "participant-050",
      "profileId": "26d1649a-188d-4d94-bce3-15139ba8b6b0",
      "profileUrl": "https://www.cloudskillsboost.google/public_profiles/26d1649a-188d-4d94-bce3-15139ba8b6b0",
      "enrollmentDate": "2025-10-15T00:00:00.000Z",
      "status": "enrolled",
      "name": "Parth Moolchand Baheti",
      "batch": "Cloud Study Jams 2025",
      "email": "parthbaheti01@gmail.com"
    },
    {
      "id": "participant-051",
      "profileId": "37482e00-50fc-4e4f-a03d-c8c199f83350",
      "profileUrl": "https://www.cloudskillsboost.google/public_profiles/37482e00-50fc-4e4f-a03d-c8c199f83350",
      "enrollmentDate": "2025-10-15T00:00:00.000Z",
      "status": "enrolled",
      "name": "ABHAY GOUR",
      "batch": "Cloud Study Jams 2025",
      "email": "ranjanagour00@gmail.com"
    },
    {
      "id": "participant-052",
      "profileId": "7afd4d17-4af6-46f3-9dd8-6cbd8c63d7f7",
      "profileUrl": "https://www.cloudskillsboost.google/public_profiles/7afd4d17-4af6-46f3-9dd8-6cbd8c63d7f7",
      "enrollmentDate": "2025-10-15T00:00:00.000Z",
      "status": "enrolled",
      "name": "KALPIT HARSHAD GEHLOT",
      "batch": "Cloud Study Jams 2025",
      "email": "kalpitgehlot7@gmail.com"
    },
    {
      "id": "participant-053",
      "profileId": "b3d26320-40ad-45ef-9355-68ad133bda0a",
      "profileUrl": "https://www.cloudskillsboost.google/public_profiles/b3d26320-40ad-45ef-9355-68ad133bda0a",
      "enrollmentDate": "2025-10-15T00:00:00.000Z",
      "status": "enrolled",
      "name": "SHUBHAM SAIN",
      "batch": "Cloud Study Jams 2025",
      "email": "theshubh0722@gmail.com"
    },
    {
      "id": "participant-054",
      "profileId": "e24844b7-be1b-4928-9fba-bb88445906ea",
      "profileUrl": "https://www.cloudskillsboost.google/public_profiles/e24844b7-be1b-4928-9fba-bb88445906ea",
      "enrollmentDate": "2025-10-15T00:00:00.000Z",
      "status": "enrolled",
      "name": "ROHIT KUMAR MEENA",
      "batch": "Cloud Study Jams 2025",
      "email": "rohitmeenam111@gmail.com"
    },
    {
      "id": "participant-055",
      "profileId": "a40f4737-b807-44de-a2af-eb5e309373ff",
      "profileUrl": "https://www.cloudskillsboost.google/public_profiles/a40f4737-b807-44de-a2af-eb5e309373ff",
      "enrollmentDate": "2025-10-15T00:00:00.000Z",
      "status": "enrolled",
      "name": "Riya Ghimiray",
      "batch": "Cloud Study Jams 2025",
      "email": "riaghimiray7@gmail.com"
    },
    {
      "id": "participant-056",
      "profileId": "fa2fba5b-daa5-4030-9c73-42306ceafb09",
      "profileUrl": "https://www.cloudskillsboost.google/public_profiles/fa2fba5b-daa5-4030-9c73-42306ceafb09",
      "enrollmentDate": "2025-10-15T00:00:00.000Z",
      "status": "enrolled",
      "name": "Tanmay joshi",
      "batch": "Cloud Study Jams 2025",
      "email": "tanmayjoshi302005@gmail.com"
    },
    {
      "id": "participant-057",
      "profileId": "a9054416-44f9-4d61-9f92-7c5f0362031c",
      "profileUrl": "https://www.cloudskillsboost.google/public_profiles/a9054416-44f9-4d61-9f92-7c5f0362031c",
      "enrollmentDate": "2025-10-15T00:00:00.000Z",
      "status": "enrolled",
      "name": "Ravi Sharma",
      "batch": "Cloud Study Jams 2025",
      "email": "ravisharmaa1509@gmail.com"
    },
    {
      "id": "participant-058",
      "profileId": "a20bf23a-d4be-4974-ade8-1e64fe982a4c",
      "profileUrl": "https://www.cloudskillsboost.google/public_profiles/a20bf23a-d4be-4974-ade8-1e64fe982a4c",
      "enrollmentDate": "2025-10-15T00:00:00.000Z",
      "status": "enrolled",
      "name": "Nikhil saini",
      "batch": "Cloud Study Jams 2025",
      "email": "saininikhil166084@gmail.com"
    },
    {
      "id": "participant-059",
      "profileId": "9da23f06-9db6-4864-9969-52bb0ed8f3ef",
      "profileUrl": "https://www.cloudskillsboost.google/public_profiles/9da23f06-9db6-4864-9969-52bb0ed8f3ef",
      "enrollmentDate": "2025-10-15T00:00:00.000Z",
      "status": "enrolled",
      "name": "Adish Jain",
      "batch": "Cloud Study Jams 2025",
      "email": "adiahjain4@gmail.com"
    },
    {
      "id": "participant-060",
      "profileId": "ba96de7e-b2bf-485f-8730-9f0f9207694a",
      "profileUrl": "https://www.cloudskillsboost.google/public_profiles/ba96de7e-b2bf-485f-8730-9f0f9207694a",
      "enrollmentDate": "2025-10-15T00:00:00.000Z",
      "status": "enrolled",
      "name": "Navjot Kaur",
      "batch": "Cloud Study Jams 2025",
      "email": "nk18051209@gmail.com"
    },
    {
      "id": "participant-061",
      "profileId": "14074e77-55fd-4fe7-a700-ceeb59419626",
      "profileUrl": "https://www.cloudskillsboost.google/public_profiles/14074e77-55fd-4fe7-a700-ceeb59419626",
      "enrollmentDate": "2025-10-15T00:00:00.000Z",
      "status": "enrolled",
      "name": "Ankit Kumar Hudda",
      "batch": "Cloud Study Jams 2025",
      "email": "huddaankit525@gmail.com"
    },
    {
      "id": "participant-062",
      "profileId": "74c708e6-305d-4117-bdd8-30f6cf45e4f7",
      "profileUrl": "https://www.cloudskillsboost.google/public_profiles/74c708e6-305d-4117-bdd8-30f6cf45e4f7",
      "enrollmentDate": "2025-10-15T00:00:00.000Z",
      "status": "enrolled",
      "name": "Alok kumar",
      "batch": "Cloud Study Jams 2025",
      "email": "alok218352025@gmail.com"
    },
    {
      "id": "participant-063",
      "profileId": "2246615c-6633-48e2-9d67-67fbef9b70a1",
      "profileUrl": "https://www.cloudskillsboost.google/public_profiles/2246615c-6633-48e2-9d67-67fbef9b70a1",
      "enrollmentDate": "2025-10-15T00:00:00.000Z",
      "status": "enrolled",
      "name": "Aayush Askandani",
      "batch": "Cloud Study Jams 2025",
      "email": "aayushcloud101@gmail.com"
    },
    {
      "id": "participant-064",
      "profileId": "0dce5c94-2273-44b4-a44b-3b2d7a2c1d99",
      "profileUrl": "https://www.cloudskillsboost.google/public_profiles/0dce5c94-2273-44b4-a44b-3b2d7a2c1d99",
      "enrollmentDate": "2025-10-15T00:00:00.000Z",
      "status": "enrolled",
      "name": "Manish",
      "batch": "Cloud Study Jams 2025",
      "email": "manishgdg123@gmail.com"
    },
    {
      "id": "participant-065",
      "profileId": "ead2bec0-bbff-4587-b8a6-95c9313c2101",
      "profileUrl": "https://www.cloudskillsboost.google/public_profiles/ead2bec0-bbff-4587-b8a6-95c9313c2101",
      "enrollmentDate": "2025-10-15T00:00:00.000Z",
      "status": "enrolled",
      "name": "Santosh Kumar Mittal",
      "batch": "Cloud Study Jams 2025",
      "email": "santosh.gcloud2025@gmail.com"
    },
    {
      "id": "participant-066",
      "profileId": "17569e58-801a-4a8f-9fb5-9f4835c793c5",
      "profileUrl": "https://www.cloudskillsboost.google/public_profiles/17569e58-801a-4a8f-9fb5-9f4835c793c5",
      "enrollmentDate": "2025-10-15T00:00:00.000Z",
      "status": "enrolled",
      "name": "Yatendra Dixit",
      "batch": "Cloud Study Jams 2025",
      "email": "dixityatendra0502@gmail.com"
    },
    {
      "id": "participant-067",
      "profileId": "0de82d73-d469-4c6c-802f-97fa95732181",
      "profileUrl": "https://www.cloudskillsboost.google/public_profiles/0de82d73-d469-4c6c-802f-97fa95732181",
      "enrollmentDate": "2025-10-15T00:00:00.000Z",
      "status": "enrolled",
      "name": "Punia Arti Jugraj",
      "batch": "Cloud Study Jams 2025",
      "email": "kishoriju277@gmail.com"
    },
    {
      "id": "participant-068",
      "profileId": "15745835-6968-47b2-9ce1-6a853587c287",
      "profileUrl": "https://www.cloudskillsboost.google/public_profiles/15745835-6968-47b2-9ce1-6a853587c287",
      "enrollmentDate": "2025-10-15T00:00:00.000Z",
      "status": "enrolled",
      "name": "Nishant jain",
      "batch": "Cloud Study Jams 2025",
      "email": "nishantweb2005@gmail.com"
    },
    {
      "id": "participant-069",
      "profileId": "94821994-05b1-4ecb-ac95-3644c1734f8b",
      "profileUrl": "https://www.cloudskillsboost.google/public_profiles/94821994-05b1-4ecb-ac95-3644c1734f8b",
      "enrollmentDate": "2025-10-15T00:00:00.000Z",
      "status": "enrolled",
      "name": "Bhavy Jain",
      "batch": "Cloud Study Jams 2025",
      "email": "bhavybusinesspro@gmail.com"
    },
    {
      "id": "participant-070",
      "profileId": "a9c3e21a-d2a8-47f3-bd77-c8b80f057d46",
      "profileUrl": "https://www.cloudskillsboost.google/public_profiles/a9c3e21a-d2a8-47f3-bd77-c8b80f057d46",
      "enrollmentDate": "2025-10-15T00:00:00.000Z",
      "status": "enrolled",
      "name": "Siddhi Mehta",
      "batch": "Cloud Study Jams 2025",
      "email": "siddhime36@gmail.com"
    },
    {
      "id": "participant-071",
      "profileId": "12916c00-21a1-4b57-9164-d1e32e0b88c5",
      "profileUrl": "https://www.cloudskillsboost.google/public_profiles/12916c00-21a1-4b57-9164-d1e32e0b88c5",
      "enrollmentDate": "2025-10-15T00:00:00.000Z",
      "status": "enrolled",
      "name": "Devansh Khoj",
      "batch": "Cloud Study Jams 2025",
      "email": "devanshkhoj3122022@gmail.com"
    },
    {
      "id": "participant-072",
      "profileId": "1635dff3-9264-42ac-a386-0b99a38bb70d",
      "profileUrl": "https://www.cloudskillsboost.google/public_profiles/1635dff3-9264-42ac-a386-0b99a38bb70d",
      "enrollmentDate": "2025-10-15T00:00:00.000Z",
      "status": "enrolled",
      "name": "Tanmay baheti",
      "batch": "Cloud Study Jams 2025",
      "email": "gdg.tanmay112@gmail.com"
    },
    {
      "id": "participant-073",
      "profileId": "cdaddbe8-35b7-4e30-870f-d1c6ddfc4cd6",
      "profileUrl": "https://www.cloudskillsboost.google/public_profiles/cdaddbe8-35b7-4e30-870f-d1c6ddfc4cd6",
      "enrollmentDate": "2025-10-15T00:00:00.000Z",
      "status": "enrolled",
      "name": "Robin Das",
      "batch": "Cloud Study Jams 2025",
      "email": "robindas83112@gmail.com"
    },
    {
      "id": "participant-074",
      "profileId": "e232b758-b3cb-4357-aa74-dce2d059a5ec",
      "profileUrl": "https://www.cloudskillsboost.google/public_profiles/e232b758-b3cb-4357-aa74-dce2d059a5ec",
      "enrollmentDate": "2025-10-15T00:00:00.000Z",
      "status": "enrolled",
      "name": "Surya Pratap Singh Gehlot",
      "batch": "Cloud Study Jams 2025",
      "email": "importante.in.sa@gmail.com"
    },
    {
      "id": "participant-075",
      "profileId": "873db04a-d873-4e99-8c9b-1a3106aa7ac2",
      "profileUrl": "https://www.cloudskillsboost.google/public_profiles/873db04a-d873-4e99-8c9b-1a3106aa7ac2",
      "enrollmentDate": "2025-10-15T00:00:00.000Z",
      "status": "enrolled",
      "name": "Nischala sahukara",
      "batch": "Cloud Study Jams 2025",
      "email": "nischalasahukara2006@gmail.com"
    },
    {
      "id": "participant-076",
      "profileId": "eb3320d1-e64c-4b18-bea8-7313241d4e72",
      "profileUrl": "https://www.cloudskillsboost.google/public_profiles/eb3320d1-e64c-4b18-bea8-7313241d4e72",
      "enrollmentDate": "2025-10-15T00:00:00.000Z",
      "status": "enrolled",
      "name": "Divyansh kumawat",
      "batch": "Cloud Study Jams 2025",
      "email": "divyanshkumawat6508@gmail.com"
    },
    {
      "id": "participant-077",
      "profileId": "b248bb43-2880-426b-9eb9-4daa80a1e293",
      "profileUrl": "https://www.cloudskillsboost.google/public_profiles/b248bb43-2880-426b-9eb9-4daa80a1e293",
      "enrollmentDate": "2025-10-15T00:00:00.000Z",
      "status": "enrolled",
      "name": "Hardik Gandhi",
      "batch": "Cloud Study Jams 2025",
      "email": "gandhi.2hardik@gmail.com"
    },
    {
      "id": "participant-078",
      "profileId": "39a602a9-291e-44a4-9ac5-b0a83107bd2a",
      "profileUrl": "https://www.cloudskillsboost.google/public_profiles/39a602a9-291e-44a4-9ac5-b0a83107bd2a",
      "enrollmentDate": "2025-10-15T00:00:00.000Z",
      "status": "enrolled",
      "name": "Naitik Sopra",
      "batch": "Cloud Study Jams 2025",
      "email": "naitiksopra2187@gmail.com"
    },
    {
      "id": "participant-079",
      "profileId": "a038c91f-c3ac-4a25-bd71-53f55114e967",
      "profileUrl": "https://www.cloudskillsboost.google/public_profiles/a038c91f-c3ac-4a25-bd71-53f55114e967",
      "enrollmentDate": "2025-10-15T00:00:00.000Z",
      "status": "enrolled",
      "name": "Pavitra jain",
      "batch": "Cloud Study Jams 2025",
      "email": "pavitrapj78@gmail.com"
    },
    {
      "id": "participant-080",
      "profileId": "524c7876-ce43-4b83-a4e6-a44d2fff876d",
      "profileUrl": "https://www.cloudskillsboost.google/public_profiles/524c7876-ce43-4b83-a4e6-a44d2fff876d",
      "enrollmentDate": "2025-10-15T00:00:00.000Z",
      "status": "enrolled",
      "name": "Trisha",
      "batch": "Cloud Study Jams 2025",
      "email": "trishavrma008@gmail.com"
    },
    {
      "id": "participant-081",
      "profileId": "094570fc-5267-4f2b-864b-1a7e30af7dd8",
      "profileUrl": "https://www.cloudskillsboost.google/public_profiles/094570fc-5267-4f2b-864b-1a7e30af7dd8",
      "enrollmentDate": "2025-10-15T00:00:00.000Z",
      "status": "enrolled",
      "name": "Sparsh Gupta",
      "batch": "Cloud Study Jams 2025",
      "email": "sparshgupta1105@gmail.com"
    },
    {
      "id": "participant-082",
      "profileId": "c3a78c17-f502-4fec-9e1e-d2dfc66eeb73",
      "profileUrl": "https://www.cloudskillsboost.google/public_profiles/c3a78c17-f502-4fec-9e1e-d2dfc66eeb73",
      "enrollmentDate": "2025-10-15T00:00:00.000Z",
      "status": "enrolled",
      "name": "Pranjal Mehta",
      "batch": "Cloud Study Jams 2025",
      "email": "pranjal77mehta@gmail.com"
    },
    {
      "id": "participant-083",
      "profileId": "e2100efb-6e96-419d-8357-fbcc90aeddce",
      "profileUrl": "https://www.cloudskillsboost.google/public_profiles/e2100efb-6e96-419d-8357-fbcc90aeddce",
      "enrollmentDate": "2025-10-15T00:00:00.000Z",
      "status": "enrolled",
      "name": "Tarun singh chauhan",
      "batch": "Cloud Study Jams 2025",
      "email": "tarunsinghchauhan9207@gmail.com"
    },
    {
      "id": "participant-084",
      "profileId": "a19fabc1-fb75-496d-a55f-6d5d7ce123fd",
      "profileUrl": "https://www.cloudskillsboost.google/public_profiles/a19fabc1-fb75-496d-a55f-6d5d7ce123fd",
      "enrollmentDate": "2025-10-15T00:00:00.000Z",
      "status": "enrolled",
      "name": "Vinit Yadav",
      "batch": "Cloud Study Jams 2025",
      "email": "vinit.rao0702@gmail.com"
    },
    {
      "id": "participant-085",
      "profileId": "5c265b2e-f7aa-4f7a-ad9c-1bfeeb6f5f10",
      "profileUrl": "https://www.cloudskillsboost.google/public_profiles/5c265b2e-f7aa-4f7a-ad9c-1bfeeb6f5f10",
      "enrollmentDate": "2025-10-15T00:00:00.000Z",
      "status": "enrolled",
      "name": "NEELAKSH JANGID",
      "batch": "Cloud Study Jams 2025",
      "email": "neelakshjangid96@gmail.com"
    },
    {
      "id": "participant-086",
      "profileId": "756739ef-bc73-4f2b-955e-0404c0cf105d",
      "profileUrl": "https://www.cloudskillsboost.google/public_profiles/756739ef-bc73-4f2b-955e-0404c0cf105d",
      "enrollmentDate": "2025-10-15T00:00:00.000Z",
      "status": "enrolled",
      "name": "Aditi kanwar",
      "batch": "Cloud Study Jams 2025",
      "email": "aditikanwar202@gmail.com"
    },
    {
      "id": "participant-087",
      "profileId": "1e77d422-4ee7-46b3-8d4e-12f8cf35942e",
      "profileUrl": "https://www.cloudskillsboost.google/public_profiles/1e77d422-4ee7-46b3-8d4e-12f8cf35942e",
      "enrollmentDate": "2025-10-15T00:00:00.000Z",
      "status": "enrolled",
      "name": "Vivek Sharma",
      "batch": "Cloud Study Jams 2025",
      "email": "vksharma230606@gmail.com"
    },
    {
      "id": "participant-088",
      "profileId": "524b488d-1112-49e8-81ba-84b89beee8f4",
      "profileUrl": "https://www.cloudskillsboost.google/public_profiles/524b488d-1112-49e8-81ba-84b89beee8f4",
      "enrollmentDate": "2025-10-15T00:00:00.000Z",
      "status": "enrolled",
      "name": "Charming Khatri",
      "batch": "Cloud Study Jams 2025",
      "email": "charmingkhatri1@gmail.com"
    },
    {
      "id": "participant-089",
      "profileId": "eda1850d-9d4f-4486-b92c-d95673638d3f",
      "profileUrl": "https://www.cloudskillsboost.google/public_profiles/eda1850d-9d4f-4486-b92c-d95673638d3f",
      "enrollmentDate": "2025-10-15T00:00:00.000Z",
      "status": "enrolled",
      "name": "Manish kumar",
      "batch": "Cloud Study Jams 2025",
      "email": "manish4tu@gmail.com"
    },
    {
      "id": "participant-090",
      "profileId": "31c88e0d-80ce-4ce7-a7b6-7172d08942e1",
      "profileUrl": "https://www.cloudskillsboost.google/public_profiles/31c88e0d-80ce-4ce7-a7b6-7172d08942e1",
      "enrollmentDate": "2025-10-15T00:00:00.000Z",
      "status": "enrolled",
      "name": "Ravi joshi",
      "batch": "Cloud Study Jams 2025",
      "email": "251107ravijoshi@gmail.com"
    },
    {
      "id": "participant-091",
      "profileId": "49da9621-e0e9-497a-9cdc-ba6ffb537774",
      "profileUrl": "https://www.cloudskillsboost.google/public_profiles/49da9621-e0e9-497a-9cdc-ba6ffb537774",
      "enrollmentDate": "2025-10-15T00:00:00.000Z",
      "status": "enrolled",
      "name": "Godwin Mathew",
      "batch": "Cloud Study Jams 2025",
      "email": "godwinmathewpu@gmail.com"
    },
    {
      "id": "participant-092",
      "profileId": "adcff62c-ce1b-42ca-b17e-8e1a471bfaab",
      "profileUrl": "https://www.cloudskillsboost.google/public_profiles/adcff62c-ce1b-42ca-b17e-8e1a471bfaab",
      "enrollmentDate": "2025-10-15T00:00:00.000Z",
      "status": "enrolled",
      "name": "Aman parmar",
      "batch": "Cloud Study Jams 2025",
      "email": "amanrajput02525@gmail.com"
    },
    {
      "id": "participant-093",
      "profileId": "596c6d93-02b4-4ef0-bead-35750a3816ab",
      "profileUrl": "https://www.cloudskillsboost.google/public_profiles/596c6d93-02b4-4ef0-bead-35750a3816ab",
      "enrollmentDate": "2025-10-15T00:00:00.000Z",
      "status": "enrolled",
      "name": "Manav Yadav",
      "batch": "Cloud Study Jams 2025",
      "email": "mnvexy@gmail.com"
    },
    {
      "id": "participant-094",
      "profileId": "0fe46a84-9588-4ced-bc6b-0dbf29808497",
      "profileUrl": "https://www.cloudskillsboost.google/public_profiles/0fe46a84-9588-4ced-bc6b-0dbf29808497",
      "enrollmentDate": "2025-10-15T00:00:00.000Z",
      "status": "enrolled",
      "name": "Devansh Garg",
      "batch": "Cloud Study Jams 2025",
      "email": "d74994870@gmail.com"
    },
    {
      "id": "participant-095",
      "profileId": "8fd5114e-3461-469c-8083-8e96822fa75d",
      "profileUrl": "https://www.cloudskillsboost.google/public_profiles/8fd5114e-3461-469c-8083-8e96822fa75d",
      "enrollmentDate": "2025-10-15T00:00:00.000Z",
      "status": "enrolled",
      "name": "Archeet jain",
      "batch": "Cloud Study Jams 2025",
      "email": "jainarcheet7@gmail.com"
    },
    {
      "id": "participant-096",
      "profileId": "3143c942-d766-4c8a-866c-31e774851a60",
      "profileUrl": "https://www.cloudskillsboost.google/public_profiles/3143c942-d766-4c8a-866c-31e774851a60",
      "enrollmentDate": "2025-10-15T00:00:00.000Z",
      "status": "enrolled",
      "name": "Priyanshi jain",
      "batch": "Cloud Study Jams 2025",
      "email": "priyanshijain9107@gmail.com"
    },
    {
      "id": "participant-097",
      "profileId": "4bcdbf23-c1e6-472c-b410-ad3ea76a2155",
      "profileUrl": "https://www.cloudskillsboost.google/public_profiles/4bcdbf23-c1e6-472c-b410-ad3ea76a2155",
      "enrollmentDate": "2025-10-15T00:00:00.000Z",
      "status": "enrolled",
      "name": "Umar Faruk",
      "batch": "Cloud Study Jams 2025",
      "email": "umarnz399@gmail.com"
    },
    {
      "id": "participant-098",
      "profileId": "758f783c-8635-4406-9e29-4f353e123ce6",
      "profileUrl": "https://www.cloudskillsboost.google/public_profiles/758f783c-8635-4406-9e29-4f353e123ce6",
      "enrollmentDate": "2025-10-15T00:00:00.000Z",
      "status": "enrolled",
      "name": "Ravi Prajapat",
      "batch": "Cloud Study Jams 2025",
      "email": "rvraviprajapat@gmail.com"
    },
    {
      "id": "participant-099",
      "profileId": "5160fbf3-4f1f-43bb-9817-226a1c456a74",
      "profileUrl": "https://www.cloudskillsboost.google/public_profiles/5160fbf3-4f1f-43bb-9817-226a1c456a74",
      "enrollmentDate": "2025-10-15T00:00:00.000Z",
      "status": "enrolled",
      "name": "Arihant Jain",
      "batch": "Cloud Study Jams 2025",
      "email": "arihantj1204@gmail.com"
    },
    {
      "id": "participant-100",
      "profileId": "d199f6c4-5b42-4fa8-8c72-524f1030dc16",
      "profileUrl": "https://www.cloudskillsboost.google/public_profiles/d199f6c4-5b42-4fa8-8c72-524f1030dc16",
      "enrollmentDate": "2025-10-15T00:00:00.000Z",
      "status": "enrolled",
      "name": "Priyanshi Varshney",
      "batch": "Cloud Study Jams 2025",
      "email": "priyanshivar2003@gmail.com"
    },
    {
      "id": "participant-101",
      "profileId": "c1300618-fdf0-4ba4-8bee-9b8dea3ef95f",
      "profileUrl": "https://www.cloudskillsboost.google/public_profiles/c1300618-fdf0-4ba4-8bee-9b8dea3ef95f",
      "enrollmentDate": "2025-10-15T00:00:00.000Z",
      "status": "enrolled",
      "name": "Shivam Sharma",
      "batch": "Cloud Study Jams 2025",
      "email": "shivam23755@gmail.com"
    },
    {
      "id": "participant-102",
      "profileId": "7e6b9fee-cb47-4966-9681-754cad127619",
      "profileUrl": "https://www.cloudskillsboost.google/public_profiles/7e6b9fee-cb47-4966-9681-754cad127619",
      "enrollmentDate": "2025-10-15T00:00:00.000Z",
      "status": "enrolled",
      "name": "Kapil shukla",
      "batch": "Cloud Study Jams 2025",
      "email": "codewithkapil4212@gmail.com"
    },
    {
      "id": "participant-103",
      "profileId": "cfd81bac-ca00-4d03-a171-1805e4dc0ebc",
      "profileUrl": "https://www.cloudskillsboost.google/public_profiles/cfd81bac-ca00-4d03-a171-1805e4dc0ebc",
      "enrollmentDate": "2025-10-15T00:00:00.000Z",
      "status": "enrolled",
      "name": "Palak Nagar",
      "batch": "Cloud Study Jams 2025",
      "email": "palaknagar912@gmail.com"
    },
    {
      "id": "participant-104",
      "profileId": "d5c6cbb6-38e8-4cf1-aebc-bcb4bc7eeaa2",
      "profileUrl": "https://www.cloudskillsboost.google/public_profiles/d5c6cbb6-38e8-4cf1-aebc-bcb4bc7eeaa2",
      "enrollmentDate": "2025-10-15T00:00:00.000Z",
      "status": "enrolled",
      "name": "Bhoomi Raghuvanshi",
      "batch": "Cloud Study Jams 2025",
      "email": "raghuvanshibhoomi36@gmail.com"
    },
    {
      "id": "participant-105",
      "profileId": "a5595ee1-ef1e-4320-af67-f5fbbdb1faa5",
      "profileUrl": "https://www.cloudskillsboost.google/public_profiles/a5595ee1-ef1e-4320-af67-f5fbbdb1faa5",
      "enrollmentDate": "2025-10-15T00:00:00.000Z",
      "status": "enrolled",
      "name": "Surendra Gurjar",
      "batch": "Cloud Study Jams 2025",
      "email": "gujjarsurendra488@gmail.com"
    },
    {
      "id": "participant-106",
      "profileId": "e20951f2-81c0-4ed3-9a49-62b085cf828d",
      "profileUrl": "https://www.cloudskillsboost.google/public_profiles/e20951f2-81c0-4ed3-9a49-62b085cf828d",
      "enrollmentDate": "2025-10-15T00:00:00.000Z",
      "status": "enrolled",
      "name": "Ansh Kumawat",
      "batch": "Cloud Study Jams 2025",
      "email": "anshkumawatalt@gmail.com"
    },
    {
      "id": "participant-107",
      "profileId": "b3afbcb7-1320-4aa0-b0e5-05bfd2e52ec7",
      "profileUrl": "https://www.cloudskillsboost.google/public_profiles/b3afbcb7-1320-4aa0-b0e5-05bfd2e52ec7",
      "enrollmentDate": "2025-10-15T00:00:00.000Z",
      "status": "enrolled",
      "name": "Nihar soni",
      "batch": "Cloud Study Jams 2025",
      "email": "ns9825278@gmail.com"
    },
    {
      "id": "participant-108",
      "profileId": "7500c512-f9e2-462b-9326-77672b685723",
      "profileUrl": "https://www.cloudskillsboost.google/public_profiles/7500c512-f9e2-462b-9326-77672b685723",
      "enrollmentDate": "2025-10-15T00:00:00.000Z",
      "status": "enrolled",
      "name": "Kartik pareek",
      "batch": "Cloud Study Jams 2025",
      "email": "kartikpareek717@gmail.com"
    },
    {
      "id": "participant-109",
      "profileId": "9dd7361f-2b1f-47b2-b669-4eb5c3a1509e",
      "profileUrl": "https://www.cloudskillsboost.google/public_profiles/9dd7361f-2b1f-47b2-b669-4eb5c3a1509e",
      "enrollmentDate": "2025-10-15T00:00:00.000Z",
      "status": "enrolled",
      "name": "Nitin Thakur",
      "batch": "Cloud Study Jams 2025",
      "email": "anubalabadyao27899@gmail.com"
    },
    {
      "id": "participant-110",
      "profileId": "93c02b8d-7a13-47e4-9ca8-50ec1c868a7c",
      "profileUrl": "https://www.cloudskillsboost.google/public_profiles/93c02b8d-7a13-47e4-9ca8-50ec1c868a7c",
      "enrollmentDate": "2025-10-15T00:00:00.000Z",
      "status": "enrolled",
      "name": "Kanika saini",
      "batch": "Cloud Study Jams 2025",
      "email": "kanikasaini001122@gmail.com"
    },
    {
      "id": "participant-111",
      "profileId": "1942133d-9b23-40f3-9cea-1d840c20ad99",
      "profileUrl": "https://www.cloudskillsboost.google/public_profiles/1942133d-9b23-40f3-9cea-1d840c20ad99",
      "enrollmentDate": "2025-10-15T00:00:00.000Z",
      "status": "enrolled",
      "name": "Saniya Sharma",
      "batch": "Cloud Study Jams 2025",
      "email": "s706212249@gmail.com"
    },
    {
      "id": "participant-112",
      "profileId": "1b9a3a98-b14f-4bff-83a1-94c9e6869f62",
      "profileUrl": "https://www.cloudskillsboost.google/public_profiles/1b9a3a98-b14f-4bff-83a1-94c9e6869f62",
      "enrollmentDate": "2025-10-15T00:00:00.000Z",
      "status": "enrolled",
      "name": "Lalit Kumar Nortaram Choudhary",
      "batch": "Cloud Study Jams 2025",
      "email": "lalit982366@gmail.com"
    },
    {
      "id": "participant-113",
      "profileId": "94501a51-fec8-44eb-a213-f9ee1244cda6",
      "profileUrl": "https://www.cloudskillsboost.google/public_profiles/94501a51-fec8-44eb-a213-f9ee1244cda6",
      "enrollmentDate": "2025-10-15T00:00:00.000Z",
      "status": "enrolled",
      "name": "Gaurav Chwdhary",
      "batch": "Cloud Study Jams 2025",
      "email": "gchwdhary@gmail.com"
    },
    {
      "id": "participant-114",
      "profileId": "9d4fe38d-4ade-48d3-9a2b-3b5b73d54069",
      "profileUrl": "https://www.cloudskillsboost.google/public_profiles/9d4fe38d-4ade-48d3-9a2b-3b5b73d54069",
      "enrollmentDate": "2025-10-15T00:00:00.000Z",
      "status": "enrolled",
      "name": "Gaurav",
      "batch": "Cloud Study Jams 2025",
      "email": "gaurav007may@gmail.com"
    },
    {
      "id": "participant-115",
      "profileId": "b48d2fb3-f6ed-4571-81e9-78c3330e07a2",
      "profileUrl": "https://www.cloudskillsboost.google/public_profiles/b48d2fb3-f6ed-4571-81e9-78c3330e07a2",
      "enrollmentDate": "2025-10-15T00:00:00.000Z",
      "status": "enrolled",
      "name": "Aryan Gupta",
      "batch": "Cloud Study Jams 2025",
      "email": "aryangupta.gjams@gmail.com"
    },
    {
      "id": "participant-116",
      "profileId": "517fb304-f13c-4023-8ff8-240bbc91a590",
      "profileUrl": "https://www.cloudskillsboost.google/public_profiles/517fb304-f13c-4023-8ff8-240bbc91a590",
      "enrollmentDate": "2025-10-15T00:00:00.000Z",
      "status": "enrolled",
      "name": "vasudev sharma",
      "batch": "Cloud Study Jams 2025",
      "email": "vasu.backupp1@gmail.com"
    },
    {
      "id": "participant-117",
      "profileId": "fff25f1a-b57e-4a30-9293-79bf4d969390",
      "profileUrl": "https://www.cloudskillsboost.google/public_profiles/fff25f1a-b57e-4a30-9293-79bf4d969390",
      "enrollmentDate": "2025-10-15T00:00:00.000Z",
      "status": "enrolled",
      "name": "Anshuman Singh Rathore",
      "batch": "Cloud Study Jams 2025",
      "email": "kingofkoladoongri@gmail.com"
    },
    {
      "id": "participant-118",
      "profileId": "3f4d4fa1-00fa-4120-8382-5e4020ca9d5e",
      "profileUrl": "https://www.cloudskillsboost.google/public_profiles/3f4d4fa1-00fa-4120-8382-5e4020ca9d5e",
      "enrollmentDate": "2025-10-15T00:00:00.000Z",
      "status": "enrolled",
      "name": "Sanmit Jain",
      "batch": "Cloud Study Jams 2025",
      "email": "sanmitskills2006@gmail.com"
    },
    {
      "id": "participant-119",
      "profileId": "a094b65d-0127-4e14-87a8-1babea8ed600",
      "profileUrl": "https://www.cloudskillsboost.google/public_profiles/a094b65d-0127-4e14-87a8-1babea8ed600",
      "enrollmentDate": "2025-10-15T00:00:00.000Z",
      "status": "enrolled",
      "name": "Hitesh Kumar Suthar",
      "batch": "Cloud Study Jams 2025",
      "email": "hiteshsk687@gmail.com"
    },
    {
      "id": "participant-120",
      "profileId": "0b10b131-ba4b-45bb-8e3e-b3c3ac1ff8fb",
      "profileUrl": "https://www.cloudskillsboost.google/public_profiles/0b10b131-ba4b-45bb-8e3e-b3c3ac1ff8fb",
      "enrollmentDate": "2025-10-15T00:00:00.000Z",
      "status": "enrolled",
      "name": "Manasvi Mudgal",
      "batch": "Cloud Study Jams 2025",
      "email": "mudgalmanasvi18@gmail.com"
    },
    {
      "id": "participant-121",
      "profileId": "683b1833-93c3-48e0-b954-d263d8da0479",
      "profileUrl": "https://www.cloudskillsboost.google/public_profiles/683b1833-93c3-48e0-b954-d263d8da0479",
      "enrollmentDate": "2025-10-15T00:00:00.000Z",
      "status": "enrolled",
      "name": "Vidisha Matani",
      "batch": "Cloud Study Jams 2025",
      "email": "vidishamatani@gmail.com"
    },
    {
      "id": "participant-122",
      "profileId": "29146452-edbd-48fc-9c63-9e5d769f7cb3",
      "profileUrl": "https://www.cloudskillsboost.google/public_profiles/29146452-edbd-48fc-9c63-9e5d769f7cb3",
      "enrollmentDate": "2025-10-15T00:00:00.000Z",
      "status": "enrolled",
      "name": "Khushi Rathadiya",
      "batch": "Cloud Study Jams 2025",
      "email": "khushirathadiya06@gmail.com"
    },
    {
      "id": "participant-123",
      "profileId": "517eb45e-963d-44ab-b4ee-831fd06ea357",
      "profileUrl": "https://www.cloudskillsboost.google/public_profiles/517eb45e-963d-44ab-b4ee-831fd06ea357",
      "enrollmentDate": "2025-10-15T00:00:00.000Z",
      "status": "enrolled",
      "name": "Jaswant Singh Shekhawat",
      "batch": "Cloud Study Jams 2025",
      "email": "heyy.jaswant@gmail.com"
    },
    {
      "id": "participant-124",
      "profileId": "14c62784-c630-4c74-aecb-3b08f6e84a0e",
      "profileUrl": "https://www.cloudskillsboost.google/public_profiles/14c62784-c630-4c74-aecb-3b08f6e84a0e",
      "enrollmentDate": "2025-10-15T00:00:00.000Z",
      "status": "enrolled",
      "name": "Rajendra saini",
      "batch": "Cloud Study Jams 2025",
      "email": "rajendra2025bca@gmail.com"
    },
    {
      "id": "participant-125",
      "profileId": "942c3f97-2e31-4610-ab13-75583c5301a2",
      "profileUrl": "https://www.cloudskillsboost.google/public_profiles/942c3f97-2e31-4610-ab13-75583c5301a2",
      "enrollmentDate": "2025-10-15T00:00:00.000Z",
      "status": "enrolled",
      "name": "Bharat patel",
      "batch": "Cloud Study Jams 2025",
      "email": "bharatpatel55277@gmail.com"
    },
    {
      "id": "participant-126",
      "profileId": "f3c29b0d-7cad-44e4-ad24-a6560456a251",
      "profileUrl": "https://www.cloudskillsboost.google/public_profiles/f3c29b0d-7cad-44e4-ad24-a6560456a251",
      "enrollmentDate": "2025-10-15T00:00:00.000Z",
      "status": "enrolled",
      "name": "Himanshu tak",
      "batch": "Cloud Study Jams 2025",
      "email": "takhimanshu59@gmail.com"
    },
    {
      "id": "participant-127",
      "profileId": "254d3459-daf3-41d2-868c-6b7db55b5842",
      "profileUrl": "https://www.cloudskillsboost.google/public_profiles/254d3459-daf3-41d2-868c-6b7db55b5842",
      "enrollmentDate": "2025-10-15T00:00:00.000Z",
      "status": "enrolled",
      "name": "Arjeet kanojiya",
      "batch": "Cloud Study Jams 2025",
      "email": "arjeetkanojiya777@gmail.com"
    },
    {
      "id": "participant-128",
      "profileId": "4978a42a-4866-4926-9425-280cf93b7907",
      "profileUrl": "https://www.cloudskillsboost.google/public_profiles/4978a42a-4866-4926-9425-280cf93b7907",
      "enrollmentDate": "2025-10-15T00:00:00.000Z",
      "status": "enrolled",
      "name": "Himanshu",
      "batch": "Cloud Study Jams 2025",
      "email": "himanshuygi@gmail.com"
    },
    {
      "id": "participant-129",
      "profileId": "7aa92556-702f-442f-9c8e-da97787d0354",
      "profileUrl": "https://www.cloudskillsboost.google/public_profiles/7aa92556-702f-442f-9c8e-da97787d0354",
      "enrollmentDate": "2025-10-15T00:00:00.000Z",
      "status": "enrolled",
      "name": "Arpit",
      "batch": "Cloud Study Jams 2025",
      "email": "arpitsenwer@gmail.com"
    },
    {
      "id": "participant-130",
      "profileId": "4657b2c5-7f3f-4920-9def-29f88af70233",
      "profileUrl": "https://www.cloudskillsboost.google/public_profiles/4657b2c5-7f3f-4920-9def-29f88af70233",
      "enrollmentDate": "2025-10-15T00:00:00.000Z",
      "status": "enrolled",
      "name": "Durvish Raj Kumawat",
      "batch": "Cloud Study Jams 2025",
      "email": "durvishrajkumawatgdg1@gmail.com"
    },
    {
      "id": "participant-131",
      "profileId": "f07b0aca-0cb2-4147-851a-3c77050982ec",
      "profileUrl": "https://www.cloudskillsboost.google/public_profiles/f07b0aca-0cb2-4147-851a-3c77050982ec",
      "enrollmentDate": "2025-10-15T00:00:00.000Z",
      "status": "enrolled",
      "name": "Rachit Shakya",
      "batch": "Cloud Study Jams 2025",
      "email": "rachitshakya19065@gmail.com"
    },
    {
      "id": "participant-132",
      "profileId": "c2b1baaa-b505-4434-84d5-c22df38be70c",
      "profileUrl": "https://www.cloudskillsboost.google/public_profiles/c2b1baaa-b505-4434-84d5-c22df38be70c",
      "enrollmentDate": "2025-10-15T00:00:00.000Z",
      "status": "enrolled",
      "name": "Keshav verma",
      "batch": "Cloud Study Jams 2025",
      "email": "codekeshav3@gmail.com"
    },
    {
      "id": "participant-133",
      "profileId": "2c8a2629-cb4f-4f86-b6ce-14adaa0c9afb",
      "profileUrl": "https://www.cloudskillsboost.google/public_profiles/2c8a2629-cb4f-4f86-b6ce-14adaa0c9afb",
      "enrollmentDate": "2025-10-15T00:00:00.000Z",
      "status": "enrolled",
      "name": "udit dungarwal",
      "batch": "Cloud Study Jams 2025",
      "email": "uditdungarwal93@gmail.com"
    },
    {
      "id": "participant-134",
      "profileId": "f5ed3519-86cf-46d8-ad81-b25202b542b1",
      "profileUrl": "https://www.cloudskillsboost.google/public_profiles/f5ed3519-86cf-46d8-ad81-b25202b542b1",
      "enrollmentDate": "2025-10-15T00:00:00.000Z",
      "status": "enrolled",
      "name": "Priyesh Singh",
      "batch": "Cloud Study Jams 2025",
      "email": "priyesh77singh@gmail.com"
    },
    {
      "id": "participant-135",
      "profileId": "85ce5a67-0e75-440e-b210-c2a28bb6fe59",
      "profileUrl": "https://www.cloudskillsboost.google/public_profiles/85ce5a67-0e75-440e-b210-c2a28bb6fe59",
      "enrollmentDate": "2025-10-15T00:00:00.000Z",
      "status": "enrolled",
      "name": "pooja garg",
      "batch": "Cloud Study Jams 2025",
      "email": "garg38179pooja@gmail.com"
    },
    {
      "id": "participant-136",
      "profileId": "bf6d8739-e3fe-42a6-8fd3-eb03b890ba61",
      "profileUrl": "https://www.cloudskillsboost.google/public_profiles/bf6d8739-e3fe-42a6-8fd3-eb03b890ba61",
      "enrollmentDate": "2025-10-15T00:00:00.000Z",
      "status": "enrolled",
      "name": "Sahil sharma",
      "batch": "Cloud Study Jams 2025",
      "email": "sahil.018sharma@gmail.com"
    },
    {
      "id": "participant-137",
      "profileId": "21ca7db1-2ad3-4957-a862-d6749dd41501",
      "profileUrl": "https://www.cloudskillsboost.google/public_profiles/21ca7db1-2ad3-4957-a862-d6749dd41501",
      "enrollmentDate": "2025-10-15T00:00:00.000Z",
      "status": "enrolled",
      "name": "Kamlesh Kumar Buri",
      "batch": "Cloud Study Jams 2025",
      "email": "kamaleshburimandasi@gmail.com"
    },
    {
      "id": "participant-138",
      "profileId": "a0a8b3f2-1a6d-4cfa-884c-fe42a962138a",
      "profileUrl": "https://www.cloudskillsboost.google/public_profiles/a0a8b3f2-1a6d-4cfa-884c-fe42a962138a",
      "enrollmentDate": "2025-10-15T00:00:00.000Z",
      "status": "enrolled",
      "name": "Bhavya Parashar",
      "batch": "Cloud Study Jams 2025",
      "email": "parasharbhavya18@gmail.com"
    },
    {
      "id": "participant-139",
      "profileId": "6543dcc3-f68a-4a5a-a3e7-a8d891538595",
      "profileUrl": "https://www.cloudskillsboost.google/public_profiles/6543dcc3-f68a-4a5a-a3e7-a8d891538595",
      "enrollmentDate": "2025-10-15T00:00:00.000Z",
      "status": "enrolled",
      "name": "Somya Rajawat",
      "batch": "Cloud Study Jams 2025",
      "email": "somyarj77@gmail.com"
    },
    {
      "id": "participant-140",
      "profileId": "778e93c3-421f-4069-852f-33dd91db5445",
      "profileUrl": "https://www.cloudskillsboost.google/public_profiles/778e93c3-421f-4069-852f-33dd91db5445",
      "enrollmentDate": "2025-10-15T00:00:00.000Z",
      "status": "enrolled",
      "name": "Harsh Begwani",
      "batch": "Cloud Study Jams 2025",
      "email": "gdgharsh427@gmail.com"
    },
    {
      "id": "participant-141",
      "profileId": "79d207f6-dd31-45a3-a825-7927c6218288",
      "profileUrl": "https://www.cloudskillsboost.google/public_profiles/79d207f6-dd31-45a3-a825-7927c6218288",
      "enrollmentDate": "2025-10-15T00:00:00.000Z",
      "status": "enrolled",
      "name": "Aayush Askandani",
      "batch": "Cloud Study Jams 2025",
      "email": "aaskandani76@gmail.com"
    },
    {
      "id": "participant-142",
      "profileId": "72569d0f-ab6c-4703-99e4-8da98bf40a93",
      "profileUrl": "https://www.cloudskillsboost.google/public_profiles/72569d0f-ab6c-4703-99e4-8da98bf40a93",
      "enrollmentDate": "2025-10-15T00:00:00.000Z",
      "status": "enrolled",
      "name": "Manish kumawat",
      "batch": "Cloud Study Jams 2025",
      "email": "manishkumawat5411@gmail.com"
    },
    {
      "id": "participant-143",
      "profileId": "10697468-5c86-4abd-b7d6-3082a88b1184",
      "profileUrl": "https://www.cloudskillsboost.google/public_profiles/10697468-5c86-4abd-b7d6-3082a88b1184",
      "enrollmentDate": "2025-10-15T00:00:00.000Z",
      "status": "enrolled",
      "name": "Himanshu sharma",
      "batch": "Cloud Study Jams 2025",
      "email": "1136himanshu@gmail.com"
    },
    {
      "id": "participant-144",
      "profileId": "b73d65b1-b3d2-4f0f-b2e2-f6cd083ccecb",
      "profileUrl": "https://www.cloudskillsboost.google/public_profiles/b73d65b1-b3d2-4f0f-b2e2-f6cd083ccecb",
      "enrollmentDate": "2025-10-15T00:00:00.000Z",
      "status": "enrolled",
      "name": "Shivani yadav",
      "batch": "Cloud Study Jams 2025",
      "email": "shivaniyadavown@gmail.com"
    },
    {
      "id": "participant-145",
      "profileId": "b43f3cd8-621b-4286-a177-8b41c982ed1a",
      "profileUrl": "https://www.cloudskillsboost.google/public_profiles/b43f3cd8-621b-4286-a177-8b41c982ed1a",
      "enrollmentDate": "2025-10-15T00:00:00.000Z",
      "status": "enrolled",
      "name": "Dixant choudhary",
      "batch": "Cloud Study Jams 2025",
      "email": "dixantchoudhary18107@gmail.com"
    },
    {
      "id": "participant-146",
      "profileId": "4b849b4f-7b8b-4737-b731-c87cefb608e5",
      "profileUrl": "https://www.cloudskillsboost.google/public_profiles/4b849b4f-7b8b-4737-b731-c87cefb608e5",
      "enrollmentDate": "2025-10-15T00:00:00.000Z",
      "status": "enrolled",
      "name": "Pradhyuman singh",
      "batch": "Cloud Study Jams 2025",
      "email": "shekhawat8112209233@gmail.com"
    },
    {
      "id": "participant-147",
      "profileId": "bf041d63-050e-4da1-9aa5-71862eed7099",
      "profileUrl": "https://www.cloudskillsboost.google/public_profiles/bf041d63-050e-4da1-9aa5-71862eed7099",
      "enrollmentDate": "2025-10-15T00:00:00.000Z",
      "status": "enrolled",
      "name": "Lavish Indoria",
      "batch": "Cloud Study Jams 2025",
      "email": "indorialavish@gmail.com"
    },
    {
      "id": "participant-148",
      "profileId": "d25a08a8-6032-4e06-8102-b3559c730149",
      "profileUrl": "https://www.cloudskillsboost.google/public_profiles/d25a08a8-6032-4e06-8102-b3559c730149",
      "enrollmentDate": "2025-10-15T00:00:00.000Z",
      "status": "enrolled",
      "name": "Aman Sharma",
      "batch": "Cloud Study Jams 2025",
      "email": "amangdg041531@gmail.com"
    },
    {
      "id": "participant-149",
      "profileId": "cec3824f-a6bd-4e72-b6f5-338b6a95e5f1",
      "profileUrl": "https://www.cloudskillsboost.google/public_profiles/cec3824f-a6bd-4e72-b6f5-338b6a95e5f1",
      "enrollmentDate": "2025-10-15T00:00:00.000Z",
      "status": "enrolled",
      "name": "Saksham Verma",
      "batch": "Cloud Study Jams 2025",
      "email": "sakshamverma.gdsc@gmail.com"
    },
    {
      "id": "participant-150",
      "profileId": "f42e09f9-edff-44b2-bf26-845ca3b0e0db",
      "profileUrl": "https://www.cloudskillsboost.google/public_profiles/f42e09f9-edff-44b2-bf26-845ca3b0e0db",
      "enrollmentDate": "2025-10-15T00:00:00.000Z",
      "status": "enrolled",
      "name": "Manthan sawant",
      "batch": "Cloud Study Jams 2025",
      "email": "sawantmanthan476@gmail.com"
    },
    {
      "id": "participant-151",
      "profileId": "774ead9d-1612-42fb-8224-654bcf2646c8",
      "profileUrl": "https://www.cloudskillsboost.google/public_profiles/774ead9d-1612-42fb-8224-654bcf2646c8",
      "enrollmentDate": "2025-10-15T00:00:00.000Z",
      "status": "enrolled",
      "name": "Chitransh kumawat",
      "batch": "Cloud Study Jams 2025",
      "email": "chitranshk704@gmail.com"
    },
    {
      "id": "participant-152",
      "profileId": "20262fac-4084-40aa-a75b-e861afd8f53b",
      "profileUrl": "https://www.cloudskillsboost.google/public_profiles/20262fac-4084-40aa-a75b-e861afd8f53b",
      "enrollmentDate": "2025-10-15T00:00:00.000Z",
      "status": "enrolled",
      "name": "Shivangi Chandel",
      "batch": "Cloud Study Jams 2025",
      "email": "shivangi9660@gmail.com"
    },
    {
      "id": "participant-153",
      "profileId": "a095831d-d89c-4fcb-b5b7-adf5f1458183",
      "profileUrl": "https://www.cloudskillsboost.google/public_profiles/a095831d-d89c-4fcb-b5b7-adf5f1458183",
      "enrollmentDate": "2025-10-15T00:00:00.000Z",
      "status": "enrolled",
      "name": "Palak Kanwar",
      "batch": "Cloud Study Jams 2025",
      "email": "gdg46555@gmail.com"
    },
    {
      "id": "participant-154",
      "profileId": "ea56a5c4-f333-47a7-9042-28bbc122b484",
      "profileUrl": "https://www.cloudskillsboost.google/public_profiles/ea56a5c4-f333-47a7-9042-28bbc122b484",
      "enrollmentDate": "2025-10-15T00:00:00.000Z",
      "status": "enrolled",
      "name": "Divya sharma",
      "batch": "Cloud Study Jams 2025",
      "email": "7596divyasharma@gmail.com"
    },
    {
      "id": "participant-155",
      "profileId": "95885dd0-569a-40b5-868f-5bba77e5b90e",
      "profileUrl": "https://www.cloudskillsboost.google/public_profiles/95885dd0-569a-40b5-868f-5bba77e5b90e",
      "enrollmentDate": "2025-10-15T00:00:00.000Z",
      "status": "enrolled",
      "name": "Jeet Maji",
      "batch": "Cloud Study Jams 2025",
      "email": "jeetgoutamlopa01@gmail.com"
    },
    {
      "id": "participant-156",
      "profileId": "0edfa736-204c-41c4-94f2-44db170bedc9",
      "profileUrl": "https://www.cloudskillsboost.google/public_profiles/0edfa736-204c-41c4-94f2-44db170bedc9",
      "enrollmentDate": "2025-10-15T00:00:00.000Z",
      "status": "enrolled",
      "name": "Kunal raj patidar",
      "batch": "Cloud Study Jams 2025",
      "email": "patidarkunalraj8@gmail.com"
    },
    {
      "id": "participant-157",
      "profileId": "f16b90ef-0cd2-4b69-8a5c-a67c562e55ab",
      "profileUrl": "https://www.cloudskillsboost.google/public_profiles/f16b90ef-0cd2-4b69-8a5c-a67c562e55ab",
      "enrollmentDate": "2025-10-15T00:00:00.000Z",
      "status": "enrolled",
      "name": "Jai Krishan Agarwal",
      "batch": "Cloud Study Jams 2025",
      "email": "jaikrishanagarwal2007@gmail.com"
    },
    {
      "id": "participant-158",
      "profileId": "3d8de72d-c89d-486f-84f9-b8a0e98a5850",
      "profileUrl": "https://www.cloudskillsboost.google/public_profiles/3d8de72d-c89d-486f-84f9-b8a0e98a5850",
      "enrollmentDate": "2025-10-15T00:00:00.000Z",
      "status": "enrolled",
      "name": "Vansh Khandelwal",
      "batch": "Cloud Study Jams 2025",
      "email": "khandelwalvansh815@gmail.com"
    },
    {
      "id": "participant-159",
      "profileId": "4afce0fe-3c5d-4a48-b15a-a4bdf4998daa",
      "profileUrl": "https://www.cloudskillsboost.google/public_profiles/4afce0fe-3c5d-4a48-b15a-a4bdf4998daa",
      "enrollmentDate": "2025-10-15T00:00:00.000Z",
      "status": "enrolled",
      "name": "Abhimanyu gupta",
      "batch": "Cloud Study Jams 2025",
      "email": "abhimanyug024@gmail.com"
    },
    {
      "id": "participant-160",
      "profileId": "708af2d5-87eb-44b8-b875-2c31fa7cd0d0",
      "profileUrl": "https://www.cloudskillsboost.google/public_profiles/708af2d5-87eb-44b8-b875-2c31fa7cd0d0",
      "enrollmentDate": "2025-10-15T00:00:00.000Z",
      "status": "enrolled",
      "name": "SIKANDER",
      "batch": "Cloud Study Jams 2025",
      "email": "fakem2690@gmail.com"
    },
    {
      "id": "participant-161",
      "profileId": "a54975db-0b0b-4117-a212-996008133779",
      "profileUrl": "https://www.cloudskillsboost.google/public_profiles/a54975db-0b0b-4117-a212-996008133779",
      "enrollmentDate": "2025-10-15T00:00:00.000Z",
      "status": "enrolled",
      "name": "Preeti Bugaliya",
      "batch": "Cloud Study Jams 2025",
      "email": "preetibugaliya08@gmail.com"
    },
    {
      "id": "participant-162",
      "profileId": "b2c13541-f446-448e-b4a5-96b1fed3d3e0",
      "profileUrl": "https://www.cloudskillsboost.google/public_profiles/b2c13541-f446-448e-b4a5-96b1fed3d3e0",
      "enrollmentDate": "2025-10-15T00:00:00.000Z",
      "status": "enrolled",
      "name": "Akshat Khandelwal",
      "batch": "Cloud Study Jams 2025",
      "email": "akshatkhandelwal14323@gmail.com"
    },
    {
      "id": "participant-163",
      "profileId": "8dc42688-b212-4460-8dd2-f0d55b4fc3d0",
      "profileUrl": "https://www.cloudskillsboost.google/public_profiles/8dc42688-b212-4460-8dd2-f0d55b4fc3d0",
      "enrollmentDate": "2025-10-15T00:00:00.000Z",
      "status": "enrolled",
      "name": "Akshat Khandelwal",
      "batch": "Cloud Study Jams 2025",
      "email": "akshatkhandelwal2004@gmail.com"
    },
    {
      "id": "participant-164",
      "profileId": "2f3dce2e-96b4-4cf1-b504-5cc16a5d2e11",
      "profileUrl": "https://www.cloudskillsboost.google/public_profiles/2f3dce2e-96b4-4cf1-b504-5cc16a5d2e11",
      "enrollmentDate": "2025-10-15T00:00:00.000Z",
      "status": "enrolled",
      "name": "Shubham Agrawal",
      "batch": "Cloud Study Jams 2025",
      "email": "agrawalshubham4244@gmail.com"
    },
    {
      "id": "participant-165",
      "profileId": "4769c156-0447-4375-bcef-dc35e6e29163",
      "profileUrl": "https://www.cloudskillsboost.google/public_profiles/4769c156-0447-4375-bcef-dc35e6e29163",
      "enrollmentDate": "2025-10-15T00:00:00.000Z",
      "status": "enrolled",
      "name": "Ankit",
      "batch": "Cloud Study Jams 2025",
      "email": "vsat171@gmail.com"
    },
    {
      "id": "participant-166",
      "profileId": "b5366c61-e825-4f22-bef3-494508920dce",
      "profileUrl": "https://www.cloudskillsboost.google/public_profiles/b5366c61-e825-4f22-bef3-494508920dce",
      "enrollmentDate": "2025-10-15T00:00:00.000Z",
      "status": "enrolled",
      "name": "Aditiya Chauhan",
      "batch": "Cloud Study Jams 2025",
      "email": "chauhanaditiya87@gmail.com"
    },
    {
      "id": "participant-167",
      "profileId": "9f514b9b-8a28-4ee3-8608-29579be29f1d",
      "profileUrl": "https://www.cloudskillsboost.google/public_profiles/9f514b9b-8a28-4ee3-8608-29579be29f1d",
      "enrollmentDate": "2025-10-15T00:00:00.000Z",
      "status": "enrolled",
      "name": "Archit Anand",
      "batch": "Cloud Study Jams 2025",
      "email": "architgd@gmail.com"
    },
    {
      "id": "participant-168",
      "profileId": "d42a1de6-82c6-40b1-b04d-274a6ba63f24",
      "profileUrl": "https://www.cloudskillsboost.google/public_profiles/d42a1de6-82c6-40b1-b04d-274a6ba63f24",
      "enrollmentDate": "2025-10-15T00:00:00.000Z",
      "status": "enrolled",
      "name": "Hitesh yadav",
      "batch": "Cloud Study Jams 2025",
      "email": "hiteshyadav017061@gmail.com"
    },
    {
      "id": "participant-169",
      "profileId": "63b7832e-4aba-489a-9b84-15b6bc014808",
      "profileUrl": "https://www.cloudskillsboost.google/public_profiles/63b7832e-4aba-489a-9b84-15b6bc014808",
      "enrollmentDate": "2025-10-15T00:00:00.000Z",
      "status": "enrolled",
      "name": "Farhan Mansoori",
      "batch": "Cloud Study Jams 2025",
      "email": "thesmilingshadow01@gmail.com"
    },
    {
      "id": "participant-170",
      "profileId": "0f252181-bb07-47e1-aeaa-115805a7e1e7",
      "profileUrl": "https://www.cloudskillsboost.google/public_profiles/0f252181-bb07-47e1-aeaa-115805a7e1e7",
      "enrollmentDate": "2025-10-15T00:00:00.000Z",
      "status": "enrolled",
      "name": "Aditya Mathur",
      "batch": "Cloud Study Jams 2025",
      "email": "mathuradigdg@gmail.com"
    },
    {
      "id": "participant-171",
      "profileId": "f9abc7b1-8fdc-4c0f-ba34-87d6e63858fa",
      "profileUrl": "https://www.cloudskillsboost.google/public_profiles/f9abc7b1-8fdc-4c0f-ba34-87d6e63858fa",
      "enrollmentDate": "2025-10-15T00:00:00.000Z",
      "status": "enrolled",
      "name": "Rathore Arvind",
      "batch": "Cloud Study Jams 2025",
      "email": "arvindrathore6019@gmail.com"
    },
    {
      "id": "participant-172",
      "profileId": "19cc236f-2c6a-45cc-ac3b-24165a4304cf",
      "profileUrl": "https://www.cloudskillsboost.google/public_profiles/19cc236f-2c6a-45cc-ac3b-24165a4304cf",
      "enrollmentDate": "2025-10-15T00:00:00.000Z",
      "status": "enrolled",
      "name": "Rajat Kumawat",
      "batch": "Cloud Study Jams 2025",
      "email": "rajatkumawat383@gmail.com"
    },
    {
      "id": "participant-173",
      "profileId": "0cf4b300-4b15-4d67-8a0e-9ed82fbd8c7a",
      "profileUrl": "https://www.cloudskillsboost.google/public_profiles/0cf4b300-4b15-4d67-8a0e-9ed82fbd8c7a",
      "enrollmentDate": "2025-10-15T00:00:00.000Z",
      "status": "enrolled",
      "name": "Shubhi Jain",
      "batch": "Cloud Study Jams 2025",
      "email": "cloudskill347@gmail.com"
    },
    {
      "id": "participant-174",
      "profileId": "ace77f8b-24e5-46ba-84d2-e59c1cda9c40",
      "profileUrl": "https://www.cloudskillsboost.google/public_profiles/ace77f8b-24e5-46ba-84d2-e59c1cda9c40",
      "enrollmentDate": "2025-10-15T00:00:00.000Z",
      "status": "enrolled",
      "name": "Juhi Bhushan",
      "batch": "Cloud Study Jams 2025",
      "email": "bhushanjuhi4@gmail.com"
    },
    {
      "id": "participant-175",
      "profileId": "d090aee1-efbd-418d-a7c4-0f9d5aa05611",
      "profileUrl": "https://www.cloudskillsboost.google/public_profiles/d090aee1-efbd-418d-a7c4-0f9d5aa05611",
      "enrollmentDate": "2025-10-15T00:00:00.000Z",
      "status": "enrolled",
      "name": "HARSHIT PATHAK",
      "batch": "Cloud Study Jams 2025",
      "email": "harshitpathak122007@gmail.com"
    },
    {
      "id": "participant-176",
      "profileId": "39deba1a-8699-4c67-a6a3-19408e4aa7b8",
      "profileUrl": "https://www.cloudskillsboost.google/public_profiles/39deba1a-8699-4c67-a6a3-19408e4aa7b8",
      "enrollmentDate": "2025-10-15T00:00:00.000Z",
      "status": "enrolled",
      "name": "Yash Silwadiya",
      "batch": "Cloud Study Jams 2025",
      "email": "yashsilwadiya18@gmail.com"
    },
    {
      "id": "participant-177",
      "profileId": "183f739f-8f99-412b-a5ae-1cf4b69018ac",
      "profileUrl": "https://www.cloudskillsboost.google/public_profiles/183f739f-8f99-412b-a5ae-1cf4b69018ac",
      "enrollmentDate": "2025-10-15T00:00:00.000Z",
      "status": "enrolled",
      "name": "Yug Pathak",
      "batch": "Cloud Study Jams 2025",
      "email": "yug.cloudgam@gmail.com"
    },
    {
      "id": "participant-178",
      "profileId": "da554e1b-29c6-4258-a97f-9fc471f20d38",
      "profileUrl": "https://www.cloudskillsboost.google/public_profiles/da554e1b-29c6-4258-a97f-9fc471f20d38",
      "enrollmentDate": "2025-10-15T00:00:00.000Z",
      "status": "enrolled",
      "name": "Sagar Kumar",
      "batch": "Cloud Study Jams 2025",
      "email": "kumar.sagar.751222@gmail.com"
    },
    {
      "id": "participant-179",
      "profileId": "485fd732-c7fb-4efe-a4c3-e35f730039c3",
      "profileUrl": "https://www.cloudskillsboost.google/public_profiles/485fd732-c7fb-4efe-a4c3-e35f730039c3",
      "enrollmentDate": "2025-10-15T00:00:00.000Z",
      "status": "enrolled",
      "name": "Aayush Patidar",
      "batch": "Cloud Study Jams 2025",
      "email": "aayush.patidar.3110@gmail.com"
    },
    {
      "id": "participant-180",
      "profileId": "cfb9248c-324d-48e0-874f-0bfac3b99e74",
      "profileUrl": "https://www.cloudskillsboost.google/public_profiles/cfb9248c-324d-48e0-874f-0bfac3b99e74",
      "enrollmentDate": "2025-10-15T00:00:00.000Z",
      "status": "enrolled",
      "name": "Ashish Singh Tanwar",
      "batch": "Cloud Study Jams 2025",
      "email": "ashishsinghtanwar203@gmail.com"
    },
    {
      "id": "participant-181",
      "profileId": "0db11651-35d3-4b12-9d37-4f2e409eca53",
      "profileUrl": "https://www.cloudskillsboost.google/public_profiles/0db11651-35d3-4b12-9d37-4f2e409eca53",
      "enrollmentDate": "2025-10-15T00:00:00.000Z",
      "status": "enrolled",
      "name": "Vikas Jangid",
      "batch": "Cloud Study Jams 2025",
      "email": "officialvikas5500@gmail.com"
    },
    {
      "id": "participant-182",
      "profileId": "85880afe-21fe-401a-9409-43657f424bd6",
      "profileUrl": "https://www.cloudskillsboost.google/public_profiles/85880afe-21fe-401a-9409-43657f424bd6",
      "enrollmentDate": "2025-10-15T00:00:00.000Z",
      "status": "enrolled",
      "name": "Tanuj sharma",
      "batch": "Cloud Study Jams 2025",
      "email": "tanujsharma00091@gmail.com"
    },
    {
      "id": "participant-183",
      "profileId": "f8fec3c0-89a3-42d2-af63-a88323c5af28",
      "profileUrl": "https://www.cloudskillsboost.google/public_profiles/f8fec3c0-89a3-42d2-af63-a88323c5af28",
      "enrollmentDate": "2025-10-15T00:00:00.000Z",
      "status": "enrolled",
      "name": "Yuvraj Singh",
      "batch": "Cloud Study Jams 2025",
      "email": "yuvrajsingh1904200346@gmail.com"
    },
    {
      "id": "participant-184",
      "profileId": "d674b711-c6d5-4ba5-bf85-1a9320122423",
      "profileUrl": "https://www.cloudskillsboost.google/public_profiles/d674b711-c6d5-4ba5-bf85-1a9320122423",
      "enrollmentDate": "2025-10-15T00:00:00.000Z",
      "status": "enrolled",
      "name": "Garvita Manish Gupta",
      "batch": "Cloud Study Jams 2025",
      "email": "garvitagupta575@gmail.com"
    },
    {
      "id": "participant-185",
      "profileId": "6db94f58-f1fe-4902-917d-ccf92c81eb02",
      "profileUrl": "https://www.cloudskillsboost.google/public_profiles/6db94f58-f1fe-4902-917d-ccf92c81eb02",
      "enrollmentDate": "2025-10-15T00:00:00.000Z",
      "status": "enrolled",
      "name": "Yashmeet kaur",
      "batch": "Cloud Study Jams 2025",
      "email": "yashmeet0411@gmail.com"
    },
    {
      "id": "participant-186",
      "profileId": "7fd8e416-d3e5-440b-9acd-6ab482353142",
      "profileUrl": "https://www.cloudskillsboost.google/public_profiles/7fd8e416-d3e5-440b-9acd-6ab482353142",
      "enrollmentDate": "2025-10-15T00:00:00.000Z",
      "status": "enrolled",
      "name": "Ashu",
      "batch": "Cloud Study Jams 2025",
      "email": "patidarashu075@gmail.com"
    },
    {
      "id": "participant-187",
      "profileId": "d6bd90c4-9538-4493-85d5-ce134ab4f1ff",
      "profileUrl": "https://www.cloudskillsboost.google/public_profiles/d6bd90c4-9538-4493-85d5-ce134ab4f1ff",
      "enrollmentDate": "2025-10-15T00:00:00.000Z",
      "status": "enrolled",
      "name": "HimanshuTailor",
      "batch": "Cloud Study Jams 2025",
      "email": "himanshutailor797671@gmail.com"
    },
    {
      "id": "participant-188",
      "profileId": "6ac64f41-2101-4026-a455-16e044f4a9c7",
      "profileUrl": "https://www.cloudskillsboost.google/public_profiles/6ac64f41-2101-4026-a455-16e044f4a9c7",
      "enrollmentDate": "2025-10-15T00:00:00.000Z",
      "status": "enrolled",
      "name": "Yash Pathak",
      "batch": "Cloud Study Jams 2025",
      "email": "yash.cloudjams@gmail.com"
    },
    {
      "id": "participant-189",
      "profileId": "428c2a81-0548-4d18-8f35-c32883ec4d47",
      "profileUrl": "https://www.cloudskillsboost.google/public_profiles/428c2a81-0548-4d18-8f35-c32883ec4d47",
      "enrollmentDate": "2025-10-15T00:00:00.000Z",
      "status": "enrolled",
      "name": "Waibhav kumar",
      "batch": "Cloud Study Jams 2025",
      "email": "waibhav16874@gmail.com"
    },
    {
      "id": "participant-190",
      "profileId": "8595d22c-ed92-48f7-ae34-0f134c6bf18c",
      "profileUrl": "https://www.cloudskillsboost.google/public_profiles/8595d22c-ed92-48f7-ae34-0f134c6bf18c",
      "enrollmentDate": "2025-10-15T00:00:00.000Z",
      "status": "enrolled",
      "name": "Vishnu kant raj",
      "batch": "Cloud Study Jams 2025",
      "email": "vishnuraj17694@gmail.com"
    },
    {
      "id": "participant-191",
      "profileId": "628c80f1-0608-4fd3-8475-456279f1b84c",
      "profileUrl": "https://www.cloudskillsboost.google/public_profiles/628c80f1-0608-4fd3-8475-456279f1b84c",
      "enrollmentDate": "2025-10-15T00:00:00.000Z",
      "status": "enrolled",
      "name": "Girish Kumar",
      "batch": "Cloud Study Jams 2025",
      "email": "girishkumar15.kumar@gmail.com"
    },
    {
      "id": "participant-192",
      "profileId": "b5474c3b-8633-40fe-b3fc-6af4b2579379",
      "profileUrl": "https://www.cloudskillsboost.google/public_profiles/b5474c3b-8633-40fe-b3fc-6af4b2579379",
      "enrollmentDate": "2025-10-15T00:00:00.000Z",
      "status": "enrolled",
      "name": "Manomya Marwal",
      "batch": "Cloud Study Jams 2025",
      "email": "manomyamarwaal@gmail.com"
    },
    {
      "id": "participant-193",
      "profileId": "93fbb70c-7748-4067-80d7-a27042e61ac1",
      "profileUrl": "https://www.cloudskillsboost.google/public_profiles/93fbb70c-7748-4067-80d7-a27042e61ac1",
      "enrollmentDate": "2025-10-15T00:00:00.000Z",
      "status": "enrolled",
      "name": "Avinash Kumar",
      "batch": "Cloud Study Jams 2025",
      "email": "k.abhishek000002@gmail.com"
    },
    {
      "id": "participant-194",
      "profileId": "4314927d-ed4a-4e7c-b421-c04f6e6b5292",
      "profileUrl": "https://www.cloudskillsboost.google/public_profiles/4314927d-ed4a-4e7c-b421-c04f6e6b5292",
      "enrollmentDate": "2025-10-15T00:00:00.000Z",
      "status": "enrolled",
      "name": "Aadi Raj Sinha",
      "batch": "Cloud Study Jams 2025",
      "email": "aadirajsinha94@gmail.com"
    },
    {
      "id": "participant-195",
      "profileId": "4ad281b5-3f31-4625-97df-82510b60dc69",
      "profileUrl": "https://www.cloudskillsboost.google/public_profiles/4ad281b5-3f31-4625-97df-82510b60dc69",
      "enrollmentDate": "2025-10-15T00:00:00.000Z",
      "status": "enrolled",
      "name": "Jatin Soni",
      "batch": "Cloud Study Jams 2025",
      "email": "jatinsoni8085@gmail.com"
    },
    {
      "id": "participant-196",
      "profileId": "e1ffaf20-67e8-457a-840a-1d7589d59b6c",
      "profileUrl": "https://www.cloudskillsboost.google/public_profiles/e1ffaf20-67e8-457a-840a-1d7589d59b6c",
      "enrollmentDate": "2025-10-15T00:00:00.000Z",
      "status": "enrolled",
      "name": "Bhavya Alag",
      "batch": "Cloud Study Jams 2025",
      "email": "bhavyaalag2307@gmail.com"
    }
  ]
}