{
  "lastUpdated": "2025-10-16T00:00:00.000Z",
  "totalParticipants": 30,
  "batch": "Cloud Study Jams 2025 - Test",
  "program": "Google Cloud Skills Boost",
  "participants": [
    {
      "id": "test-001",
      "profileId": "08b1ccd5-2a59-48af-a182-64b52039549a",
      "profileUrl": "https://www.cloudskillsboost.google/public_profiles/08b1ccd5-2a59-48af-a182-64b52039549a",
      "enrollmentDate": "2025-10-15T00:00:00.000Z",
      "status": "enrolled",
      "name": "Test Participant 1",
      "batch": "Cloud Study Jams 2025"
    },
    {
      "id": "test-002",
      "profileId": "a0de40fa-6bae-4820-b61b-5f6624223e0f",
      "profileUrl": "https://www.cloudskillsboost.google/public_profiles/a0de40fa-6bae-4820-b61b-5f6624223e0f",
      "enrollmentDate": "2025-10-15T00:00:00.000Z",
      "status": "enrolled",
      "name": "Test Participant 2",
      "batch": "Cloud Study Jams 2025"
    },
    {
      "id": "test-003",
      "profileId": "7209c4af-4971-4292-8c8a-61cdd2b1f0ec",
      "profileUrl": "https://www.cloudskillsboost.google/public_profiles/7209c4af-4971-4292-8c8a-61cdd2b1f0ec",
      "enrollmentDate": "2025-10-15T00:00:00.000Z",
      "status": "enrolled",
      "name": "Test Participant 3",
      "batch": "Cloud Study Jams 2025"
    },
    {
      "id": "test-004",
      "profileId": "cfd81bac-ca00-4d03-a171-1805e4dc0ebc",
      "profileUrl": "https://www.cloudskillsboost.google/public_profiles/cfd81bac-ca00-4d03-a171-1805e4dc0ebc",
      "enrollmentDate": "2025-10-15T00:00:00.000Z",
      "status": "enrolled",
      "name": "Test Participant 4",
      "batch": "Cloud Study Jams 2025"
    },
    {
      "id": "test-005",
      "profileId": "ea56a5c4-f333-47a7-9042-28bbc122b484",
      "profileUrl": "https://www.cloudskillsboost.google/public_profiles/ea56a5c4-f333-47a7-9042-28bbc122b484",
      "enrollmentDate": "2025-10-15T00:00:00.000Z",
      "status": "enrolled",
      "name": "Test Participant 5",
      "batch": "Cloud Study Jams 2025"
    },
    {
      "id": "test-006",
      "profileId": "d5c6cbb6-38e8-4cf1-aebc-bcb4bc7eeaa2",
      "profileUrl": "https://www.cloudskillsboost.google/public_profiles/d5c6cbb6-38e8-4cf1-aebc-bcb4bc7eeaa2",
      "enrollmentDate": "2025-10-15T00:00:00.000Z",
      "status": "enrolled",
      "name": "Test Participant 6",
      "batch": "Cloud Study Jams 2025"
    },
    {
      "id": "test-007",
      "profileId": "a5595ee1-ef1e-4320-af67-f5fbbdb1faa5",
      "profileUrl": "https://www.cloudskillsboost.google/public_profiles/a5595ee1-ef1e-4320-af67-f5fbbdb1faa5",
      "enrollmentDate": "2025-10-15T00:00:00.000Z",
      "status": "enrolled",
      "name": "Test Participant 7",
      "batch": "Cloud Study Jams 2025"
    },
    {
      "id": "test-008",
      "profileId": "95885dd0-569a-40b5-868f-5bba77e5b90e",
      "profileUrl": "https://www.cloudskillsboost.google/public_profiles/95885dd0-569a-40b5-868f-5bba77e5b90e",
      "enrollmentDate": "2025-10-15T00:00:00.000Z",
      "status": "enrolled",
      "name": "Test Participant 8",
      "batch": "Cloud Study Jams 2025"
    },
    {
      "id": "test-009",
      "profileId": "0edfa736-204c-41c4-94f2-44db170bedc9",
      "profileUrl": "https://www.cloudskillsboost.google/public_profiles/0edfa736-204c-41c4-94f2-44db170bedc9",
      "enrollmentDate": "2025-10-15T00:00:00.000Z",
      "status": "enrolled",
      "name": "Test Participant 9",
      "batch": "Cloud Study Jams 2025"
    },
    {
      "id": "test-010",
      "profileId": "e20951f2-81c0-4ed3-9a49-62b085cf828d",
      "profileUrl": "https://www.cloudskillsboost.google/public_profiles/e20951f2-81c0-4ed3-9a49-62b085cf828d",
      "enrollmentDate": "2025-10-15T00:00:00.000Z",
      "status": "enrolled",
      "name": "Test Participant 10",
      "batch": "Cloud Study Jams 2025"
    },
    {
      "id": "test-011",
      "profileId": "f16b90ef-0cd2-4b69-8a5c-a67c562e55ab",
      "profileUrl": "https://www.cloudskillsboost.google/public_profiles/f16b90ef-0cd2-4b69-8a5c-a67c562e55ab",
      "enrollmentDate": "2025-10-15T00:00:00.000Z",
      "status": "enrolled",
      "name": "Test Participant 11",
      "batch": "Cloud Study Jams 2025"
    },
    {
      "id": "test-012",
      "profileId": "b3afbcb7-1320-4aa0-b0e5-05bfd2e52ec7",
      "profileUrl": "https://www.cloudskillsboost.google/public_profiles/b3afbcb7-1320-4aa0-b0e5-05bfd2e52ec7",
      "enrollmentDate": "2025-10-15T00:00:00.000Z",
      "status": "enrolled",
      "name": "Test Participant 12",
      "batch": "Cloud Study Jams 2025"
    },
    {
      "id": "test-013",
      "profileId": "3d8de72d-c89d-486f-84f9-b8a0e98a5850",
      "profileUrl": "https://www.cloudskillsboost.google/public_profiles/3d8de72d-c89d-486f-84f9-b8a0e98a5850",
      "enrollmentDate": "2025-10-15T00:00:00.000Z",
      "status": "enrolled",
      "name": "Test Participant 13",
      "batch": "Cloud Study Jams 2025"
    },
    {
      "id": "test-014",
      "profileId": "7500c512-f9e2-462b-9326-77672b685723",
      "profileUrl": "https://www.cloudskillsboost.google/public_profiles/7500c512-f9e2-462b-9326-77672b685723",
      "enrollmentDate": "2025-10-15T00:00:00.000Z",
      "status": "enrolled",
      "name": "Test Participant 14",
      "batch": "Cloud Study Jams 2025"
    },
    {
      "id": "test-015",
      "profileId": "4afce0fe-3c5d-4a48-b15a-a4bdf4998daa",
      "profileUrl": "https://www.cloudskillsboost.google/public_profiles/4afce0fe-3c5d-4a48-b15a-a4bdf4998daa",
      "enrollmentDate": "2025-10-15T00:00:00.000Z",
      "status": "enrolled",
      "name": "Test Participant 15",
      "batch": "Cloud Study Jams 2025"
    },
    {
      "id": "test-016",
      "profileId": "708af2d5-87eb-44b8-b875-2c31fa7cd0d0",
      "profileUrl": "https://www.cloudskillsboost.google/public_profiles/708af2d5-87eb-44b8-b875-2c31fa7cd0d0",
      "enrollmentDate": "2025-10-15T00:00:00.000Z",
      "status": "enrolled",
      "name": "Test Participant 16",
      "batch": "Cloud Study Jams 2025"
    },
    {
      "id": "test-017",
      "profileId": "9dd7361f-2b1f-47b2-b669-4eb5c3a1509e",
      "profileUrl": "https://www.cloudskillsboost.google/public_profiles/9dd7361f-2b1f-47b2-b669-4eb5c3a1509e",
      "enrollmentDate": "2025-10-15T00:00:00.000Z",
      "status": "enrolled",
      "name": "Test Participant 17",
      "batch": "Cloud Study Jams 2025"
    },
    {
      "id": "test-018",
      "profileId": "93c02b8d-7a13-47e4-9ca8-50ec1c868a7c",
      "profileUrl": "https://www.cloudskillsboost.google/public_profiles/93c02b8d-7a13-47e4-9ca8-50ec1c868a7c",
      "enrollmentDate": "2025-10-15T00:00:00.000Z",
      "status": "enrolled",
      "name": "Test Participant 18",
      "batch": "Cloud Study Jams 2025"
    },
    {
      "id": "test-019",
      "profileId": "1942133d-9b23-40f3-9cea-1d840c20ad99",
      "profileUrl": "https://www.cloudskillsboost.google/public_profiles/1942133d-9b23-40f3-9cea-1d840c20ad99",
      "enrollmentDate": "2025-10-15T00:00:00.000Z",
      "status": "enrolled",
      "name": "Test Participant 19",
      "batch": "Cloud Study Jams 2025"
    },
    {
      "id": "test-020",
      "profileId": "1b9a3a98-b14f-4bff-83a1-94c9e6869f62",
      "profileUrl": "https://www.cloudskillsboost.google/public_profiles/1b9a3a98-b14f-4bff-83a1-94c9e6869f62",
      "enrollmentDate": "2025-10-15T00:00:00.000Z",
      "status": "enrolled",
      "name": "Test Participant 20",
      "batch": "Cloud Study Jams 2025"
    },
    {
      "id": "test-021",
      "profileId": "94501a51-fec8-44eb-a213-f9ee1244cda6",
      "profileUrl": "https://www.cloudskillsboost.google/public_profiles/94501a51-fec8-44eb-a213-f9ee1244cda6",
      "enrollmentDate": "2025-10-15T00:00:00.000Z",
      "status": "enrolled",
      "name": "Test Participant 21",
      "batch": "Cloud Study Jams 2025"
    },
    {
      "id": "test-022",
      "profileId": "9d4fe38d-4ade-48d3-9a2b-3b5b73d54069",
      "profileUrl": "https://www.cloudskillsboost.google/public_profiles/9d4fe38d-4ade-48d3-9a2b-3b5b73d54069",
      "enrollmentDate": "2025-10-15T00:00:00.000Z",
      "status": "enrolled",
      "name": "Test Participant 22",
      "batch": "Cloud Study Jams 2025"
    },
    {
      "id": "test-023",
      "profileId": "b48d2fb3-f6ed-4571-81e9-78c3330e07a2",
      "profileUrl": "https://www.cloudskillsboost.google/public_profiles/b48d2fb3-f6ed-4571-81e9-78c3330e07a2",
      "enrollmentDate": "2025-10-15T00:00:00.000Z",
      "status": "enrolled",
      "name": "Test Participant 23",
      "batch": "Cloud Study Jams 2025"
    },
    {
      "id": "test-024",
      "profileId": "517fb304-f13c-4023-8ff8-240bbc91a590",
      "profileUrl": "https://www.cloudskillsboost.google/public_profiles/517fb304-f13c-4023-8ff8-240bbc91a590",
      "enrollmentDate": "2025-10-15T00:00:00.000Z",
      "status": "enrolled",
      "name": "Test Participant 24",
      "batch": "Cloud Study Jams 2025"
    },
    {
      "id": "test-025",
      "profileId": "fff25f1a-b57e-4a30-9293-79bf4d969390",
      "profileUrl": "https://www.cloudskillsboost.google/public_profiles/fff25f1a-b57e-4a30-9293-79bf4d969390",
      "enrollmentDate": "2025-10-15T00:00:00.000Z",
      "status": "enrolled",
      "name": "Test Participant 25",
      "batch": "Cloud Study Jams 2025"
    },
    {
      "id": "test-026",
      "profileId": "3f4d4fa1-00fa-4120-8382-5e4020ca9d5e",
      "profileUrl": "https://www.cloudskillsboost.google/public_profiles/3f4d4fa1-00fa-4120-8382-5e4020ca9d5e",
      "enrollmentDate": "2025-10-15T00:00:00.000Z",
      "status": "enrolled",
      "name": "Test Participant 26",
      "batch": "Cloud Study Jams 2025"
    },
    {
      "id": "test-027",
      "profileId": "a54975db-0b0b-4117-a212-996008133779",
      "profileUrl": "https://www.cloudskillsboost.google/public_profiles/a54975db-0b0b-4117-a212-996008133779",
      "enrollmentDate": "2025-10-15T00:00:00.000Z",
      "status": "enrolled",
      "name": "Test Participant 27",
      "batch": "Cloud Study Jams 2025"
    },
    {
      "id": "test-028",
      "profileId": "a094b65d-0127-4e14-87a8-1babea8ed600",
      "profileUrl": "https://www.cloudskillsboost.google/public_profiles/a094b65d-0127-4e14-87a8-1babea8ed600",
      "enrollmentDate": "2025-10-15T00:00:00.000Z",
      "status": "enrolled",
      "name": "Test Participant 28",
      "batch": "Cloud Study Jams 2025"
    },
    {
      "id": "test-029",
      "profileId": "0b10b131-ba4b-45bb-8e3e-b3c3ac1ff8fb",
      "profileUrl": "https://www.cloudskillsboost.google/public_profiles/0b10b131-ba4b-45bb-8e3e-b3c3ac1ff8fb",
      "enrollmentDate": "2025-10-15T00:00:00.000Z",
      "status": "enrolled",
      "name": "Test Participant 29",
      "batch": "Cloud Study Jams 2025"
    },
    {
      "id": "test-030",
      "profileId": "b2c13541-f446-448e-b4a5-96b1fed3d3e0",
      "profileUrl": "https://www.cloudskillsboost.google/public_profiles/b2c13541-f446-448e-b4a5-96b1fed3d3e0",
      "enrollmentDate": "2025-10-15T00:00:00.000Z",
      "status": "enrolled",
      "name": "Test Participant 30",
      "batch": "Cloud Study Jams 2025"
    }
  ]
}
